Time (sec),Pitch Rate (deg/sec)
0.0,0.0
0.02,-0.001496252737175829
0.04,-0.01266043342822833
0.06,-0.026023824519918
0.08,-0.041018111926242676
0.1,-0.05750877853452801
0.12000000000000001,-0.07539513731794432
0.14,-0.09458533387515008
0.16,-0.11499422453359145
0.18,-0.13654272202952691
0.19999999999999998,-0.15915728590855407
0.21999999999999997,-0.18276945633543304
0.23999999999999996,-0.20731542591016952
0.25999999999999995,-0.2327356454271201
0.27999999999999997,-0.25897445994279317
0.3,-0.2859797717150137
0.32,-0.31370272753326933
0.34,-0.34209742814492117
0.36000000000000004,-0.37112065737187044
0.38000000000000006,-0.4007316295444649
0.4000000000000001,-0.43089175412327885
0.4200000000000001,-0.46156441673009035
0.4400000000000001,-0.49271477611036496
0.46000000000000013,-0.5243095767767104
0.48000000000000015,-0.5563169772260768
0.5000000000000001,-0.5887063936804117
0.5200000000000001,-0.6214483592761644
0.5400000000000001,-0.6545143985349905
0.5600000000000002,-0.6878769168039044
0.5800000000000002,-0.7215091041791613
0.6000000000000002,-0.7553848532455197
0.6200000000000002,-0.7894786897905235
0.6400000000000002,-0.8237657155074883
0.6600000000000003,-0.8582215615911422
0.6800000000000003,-0.8928223520617781
0.7000000000000003,-0.9275446756275616
0.7200000000000003,-0.9623655649071355
0.7400000000000003,-0.9972624818803107
0.7600000000000003,-1.0322133085057745
0.7800000000000004,-1.0671963415342465
0.8000000000000004,-1.1021902906460233
0.8200000000000004,-1.137174279147116
0.8400000000000004,-1.1721278465628755
0.8600000000000004,-1.207030952568574
0.8800000000000004,-1.2418639817899562
0.9000000000000005,-1.2766077490914278
0.9200000000000005,-1.3112435050447813
0.9400000000000005,-1.3457529413368496
0.9600000000000005,-1.3801181959303417
0.9800000000000005,-1.414321857839205
1.0000000000000004,5.081498679777304e-12
1.0200000000000005,0.009615340038975994
1.0400000000000005,0.01915727851400616
1.0600000000000005,0.02810220108516686
1.0800000000000005,0.036463503441933706
1.1000000000000005,0.044286412607921925
1.1200000000000006,0.051613913570499236
1.1400000000000006,0.05848506037819549
1.1600000000000006,0.06493523295118654
1.1800000000000006,0.07099647901380791
1.2000000000000006,0.0766978305598627
1.2200000000000006,0.08206559095821228
1.2400000000000007,0.08712359508518931
1.2600000000000007,0.09189344500522593
1.2800000000000007,0.09639472350356307
1.3000000000000007,0.10064518755730134
1.3200000000000007,0.104660943633055
1.3400000000000007,0.1084566065200578
1.3600000000000008,0.1120454432454652
1.3800000000000008,0.11543950347187534
1.4000000000000008,0.11864973764433988
1.4200000000000008,0.12168610403411792
1.4400000000000008,0.1245576657177836
1.4600000000000009,0.12727267843207743
1.4800000000000009,0.12983867015605174
1.5000000000000009,0.13226251319159016
1.520000000000001,0.13455048944070172
1.540000000000001,0.13670834951222
1.560000000000001,0.13874136623095426
1.580000000000001,0.14065438306855146
1.600000000000001,0.14245185796654403
1.620000000000001,0.14413790297805637
1.640000000000001,0.1457163201146786
1.660000000000001,0.14719063374895563
1.680000000000001,0.14856411989030457
1.700000000000001,0.14983983262255252
1.720000000000001,0.1510206279645815
1.740000000000001,0.15210918539128748
1.7600000000000011,0.15310802723020928
1.7800000000000011,0.15401953612924937
1.8000000000000012,0.15484597077296852
1.8200000000000012,0.1555894800086373
1.8400000000000012,0.15625211552848223
1.8600000000000012,0.1568358432411483
1.8800000000000012,0.15734255345336662
1.9000000000000012,0.15777406997174892
1.9200000000000013,0.1581321582247001
1.9400000000000013,0.15841853249543994
1.9600000000000013,0.15863486234886018
1.9800000000000013,0.15878277832758256
2.0000000000000013,0.15886387698574903
2.0200000000000014,0.1588797253230301
2.0400000000000014,0.1588318646757006
2.0600000000000014,0.15872181411658212
2.0800000000000014,0.1585510734110795
2.1000000000000014,0.15832112557234349
2.1200000000000014,0.1580334390547394
2.1400000000000015,0.1576894696213912
2.1600000000000015,0.1572906619183764
2.1800000000000015,0.15683845078530778
2.2000000000000015,0.15633426232936112
2.2200000000000015,0.15577951478746635
2.2400000000000015,0.15517561919917597
2.2600000000000016,0.15452397991072617
2.2800000000000016,0.15382599492902815
2.3000000000000016,0.1530830561425819
2.3200000000000016,0.15229654942488777
2.3400000000000016,0.1514678546344715
2.3600000000000017,0.15059834552437423
2.3800000000000017,0.14968938957285527
2.4000000000000017,0.14874234774590184
2.4200000000000017,0.14775857420121988
2.4400000000000017,0.1467394159424989
2.4600000000000017,0.14568621243187985
2.4800000000000018,0.14460029516782882
2.5000000000000018,0.1434829872349425
2.520000000000002,0.1423356028315599
2.540000000000002,0.14115944678048778
2.560000000000002,0.13995581402760085
2.580000000000002,0.1387259891326288
2.600000000000002,0.13747124575596364
2.620000000000002,0.13619284614489455
2.640000000000002,0.13489204062236837
2.660000000000002,0.13357006708097238
2.680000000000002,0.13222815048453807
2.700000000000002,0.1308675023794733
2.720000000000002,0.12948932041771047
2.740000000000002,0.12809478789282186
2.760000000000002,0.12668507329073925
2.780000000000002,0.12526132985625632
2.800000000000002,0.1238246951763026
2.820000000000002,0.12237629078085314
2.840000000000002,0.12091722176214874
2.860000000000002,0.11944857641278654
2.880000000000002,0.11797142588309739
2.900000000000002,0.11648682385813434
2.920000000000002,0.11499580625449007
2.940000000000002,0.11349939093704031
2.960000000000002,0.1119985774556951
2.980000000000002,0.1104943468020624
3.000000000000002,0.10898766118599307
3.0200000000000022,0.10747946383179185
3.0400000000000023,0.10597067879391309
3.0600000000000023,0.10446221079187445
3.0800000000000023,0.10295494506409938
3.1000000000000023,0.10144974724033763
3.1200000000000023,0.09994746323233847
3.1400000000000023,0.09844891914235591
3.1600000000000024,0.09695492118907319
3.1800000000000024,0.0954662556505626
3.2000000000000024,0.09398368882378527
3.2200000000000024,0.0925079670002075
3.2400000000000024,0.09103981645705289
3.2600000000000025,0.08957994346374659
3.2800000000000025,0.08812903430303311
3.3000000000000025,0.08668775530632003
3.3200000000000025,0.08525675290276409
3.3400000000000025,0.08383665368160571
3.3600000000000025,0.08242806446729123
3.3800000000000026,0.08103157240689064
3.4000000000000026,0.07964774506936995
3.4200000000000026,0.07827713055620264
3.4400000000000026,0.07692025762291793
3.4600000000000026,0.075577635811094
3.4800000000000026,0.07424975559036286
3.5000000000000027,0.07293708850999771
3.5200000000000027,0.07164008735963732
3.5400000000000027,0.07035918633873128
3.5600000000000027,0.06909480123429686
3.5800000000000027,0.06784732960659719
3.6000000000000028,0.06661715098230829
3.6200000000000028,0.06540462705483037
3.640000000000003,0.06421010189134849
3.660000000000003,0.06303390214626978
3.680000000000003,0.06187633728069915
3.700000000000003,0.060737699787587376
3.720000000000003,0.05961826542221126
3.740000000000003,0.058518293437690924
3.760000000000003,0.05743802682515962
3.780000000000003,0.05637769255833468
3.800000000000003,0.055337501842153164
3.820000000000003,0.054317650365179805
3.840000000000003,0.053318318555510454
3.860000000000003,0.05233967183988044
3.880000000000003,0.051381860905719605
3.900000000000003,0.05044502196587521
3.920000000000003,0.049529277025763874
3.940000000000003,0.04863473415268175
3.960000000000003,0.047761487747063305
3.980000000000003,0.04690961881542611
4.000000000000003,0.04607919524477695
4.020000000000002,0.04527027207829473
4.040000000000002,0.04448289179202272
4.060000000000001,0.04371708457239939
4.080000000000001,0.04297286859441607
4.1000000000000005,0.04225025030020947
4.12,0.04154922467789088
4.14,0.04086977554045286
4.159999999999999,0.04021187580452208
4.179999999999999,0.03957548776886411
4.199999999999998,0.03896056339240986
4.219999999999998,0.03836704457166936
4.2399999999999975,0.03779486341737043
4.259999999999997,0.037243942530182636
4.279999999999997,0.03671419527536506
4.299999999999996,0.036205526056199755
4.319999999999996,0.035717830586089044
4.339999999999995,0.03525099615916681
4.359999999999995,0.03480490191931611
4.379999999999995,0.034379419127456234
4.399999999999994,0.03397441142697575
4.419999999999994,0.03358973510722973
4.439999999999993,0.03322523936495153
4.459999999999993,0.032880766563512694
4.479999999999992,0.032556152489895435
4.499999999999992,0.03225122660931523
4.519999999999992,0.031965812317376344
4.539999999999991,0.031699727189677444
4.559999999999991,0.03145278322880451
4.57999999999999,0.031224787108587053
4.59999999999999,0.03101554041559035
4.6199999999999894,0.030824839887735978
4.639999999999989,0.030652477649997185
4.659999999999989,0.030498241447099228
4.679999999999988,0.03036191487316448
4.699999999999988,0.030243277598238166
4.719999999999987,0.03014210559165853
4.739999999999987,0.030058171342190382
4.7599999999999865,0.029991244074903375
4.779999999999986,0.02994108996472473
4.799999999999986,0.029907472346643125
4.819999999999985,0.0298901519225202
4.839999999999985,0.029888886964463398
4.859999999999984,0.029903433514755995
4.879999999999984,0.029933545582269728
4.8999999999999835,0.029978975335381144
4.919999999999983,0.030039473291328247
4.939999999999983,0.03011478850202008
4.959999999999982,0.03020466873624973
4.979999999999982,0.030308860658320246
4.999999999999981,0.03042711000305834
5.019999999999981,0.030559161747194745
5.0399999999999805,0.24791730678037852
5.05999999999998,0.4638386234935912
5.07999999999998,0.6663112206659417
5.099999999999979,0.855702224222139
5.119999999999979,1.033024543365707
5.139999999999978,1.199236449656675
5.159999999999978,1.3552081437897712
5.1799999999999775,1.5017278461148846
5.199999999999977,1.6395095106729491
5.219999999999977,1.7691999413987805
5.239999999999976,1.8913852417573314
5.259999999999976,2.0065966531699373
5.279999999999975,2.115315839489278
5.299999999999975,2.2179796698146563
5.3199999999999745,2.3149845470344648
5.339999999999974,2.406690325013936
5.359999999999974,2.493423853295876
5.379999999999973,2.575482184513521
5.399999999999973,2.653135476390878
5.419999999999972,2.7266296171953135
5.439999999999972,2.7961886007805474
5.4599999999999715,2.8620888705791065
5.479999999999971,2.9245382790537504
5.499999999999971,2.983703760659122
5.51999999999997,3.039736615457659
5.53999999999997,3.0927752821134895
5.559999999999969,3.142946703427555
5.579999999999969,3.1903674852163717
5.599999999999969,3.235144938728089
5.619999999999968,3.2773780219041813
5.639999999999968,3.3171581893299646
5.659999999999967,3.354570159541295
5.679999999999967,3.3896926075189
5.699999999999966,3.4225987894587364
5.719999999999966,3.453357106235363
5.739999999999966,3.4820316113673795
5.759999999999965,3.508682468744094
5.779999999999965,3.533366364874857
5.799999999999964,3.556136879971838
5.819999999999964,3.5770448217693787
5.839999999999963,3.59613852561426
5.859999999999963,3.613464124026867
5.879999999999963,3.6290657886316193
5.899999999999962,3.6429859470809673
5.919999999999962,3.6552654773500213
5.939999999999961,3.6659438815550467
5.959999999999961,3.675059441245756
5.9799999999999605,3.68264935593845
5.99999999999996,3.688749866490701
6.01999999999996,3.6933963647677306
6.039999999999959,3.6966234909150906
6.059999999999959,3.6984652194288197
6.079999999999958,3.6989549351026114
6.099999999999958,3.698125499830875
6.1199999999999575,3.6960093111552066
6.139999999999957,3.6926383533588734
6.159999999999957,3.688044241839103
6.179999999999956,3.6822582614193218
6.199999999999956,3.6753263684842796
6.219999999999955,3.6674376434600187
6.239999999999955,3.6586109022418856
6.2599999999999545,3.648859793493925
6.279999999999954,3.6381986498040746
6.299999999999954,3.6266427765514093
6.319999999999953,3.6142083806762626
6.339999999999953,3.600912484704738
6.359999999999952,3.5867728463295614
6.379999999999952,3.5718078841645577
6.3999999999999515,3.556036609175234
6.419999999999951,3.539478561273246
6.439999999999951,3.522153750608289
6.45999999999995,3.5040826031360246
6.47999999999995,3.485285910081697
6.499999999999949,3.465784780956205
6.519999999999949,3.4456005998149464
6.5399999999999485,3.4247549844795775
6.559999999999948,3.4032697484707493
6.579999999999948,3.381166865424147
6.599999999999947,3.3584684357842036
6.619999999999947,3.3351966555906927
6.639999999999946,3.311373787190771
6.659999999999946,3.287022131725539
6.6799999999999455,3.2621640032554913
6.699999999999945,3.2368217044014895
6.719999999999945,3.21101750339115
6.739999999999944,3.184773612409925
6.759999999999944,3.1581121671671473
6.779999999999943,3.1310552075951055
6.799999999999943,3.1036246596076493
6.8199999999999426,3.075842317851722
6.839999999999942,3.0477298293913995
6.859999999999942,3.0193086782700327
6.879999999999941,2.9906001709010384
6.899999999999941,2.9616254222425993
6.91999999999994,2.932405342715449
6.93999999999994,2.9029606258268754
6.95999999999994,2.873311736467182
6.979999999999939,2.8434788998479776
6.999999999999939,2.813482091054211
7.019999999999938,2.7833410251841104
7.039999999999938,2.75307514805364
7.059999999999937,2.7227036274436247
7.079999999999937,2.692245344869501
7.099999999999937,2.6617188878552485
7.119999999999936,2.631142542694083
7.139999999999936,2.60053428768007
7.159999999999935,2.5699117867953887
7.179999999999935,2.539292383839406
7.1999999999999345,2.5086930969860246
7.219999999999934,2.4781306137568913
7.239999999999934,2.447621286398486
7.259999999999933,2.4171811276516566
7.279999999999933,2.3868258069027823
7.299999999999932,2.356570646705982
7.319999999999932,2.326430619666456
7.3399999999999315,2.2964203456750423
7.359999999999931,2.2665540894845297
7.379999999999931,2.2368457586187063
7.39999999999993,2.2073089016048546
7.41999999999993,2.1779567065211918
7.439999999999929,2.148801999850437
7.459999999999929,2.1198572456311644
7.4799999999999285,2.0911345448984893
7.499999999999928,2.0626456354060343
7.519999999999928,2.0344018916209072
7.539999999999927,2.0064143249839486
7.559999999999927,1.9786935844269198
7.579999999999926,1.9512499571393018
7.599999999999926,1.9240933695765874
7.6199999999999255,1.897233388702614
7.639999999999925,1.8706792234581198
7.659999999999925,1.8444397264483494
7.679999999999924,1.818523395841826
7.699999999999924,1.7929383774732675
7.719999999999923,1.7676924671430534
7.739999999999923,1.7427931131062728
7.7599999999999225,1.7182474187437946
7.779999999999922,1.6940621454087368
7.799999999999922,1.6702437154408813
7.819999999999921,1.6467982153423195
7.839999999999921,1.623731399107355
7.85999999999992,1.6010486917000366
7.87999999999992,1.5787551926723478
7.8999999999999195,1.5568556799167386
7.919999999999919,1.5353546135462308
7.939999999999919,1.5142561398958259
7.959999999999918,1.4935640956388552
7.979999999999918,1.4732820120119414
7.999999999999917,1.4534131191425723
8.019999999999918,1.4339603504731657
8.039999999999917,1.4149263472757516
8.059999999999917,1.3963134632514214
8.079999999999917,1.3781237692088502
8.099999999999916,1.3603590578163494
8.119999999999916,1.3430208484218364
8.139999999999915,1.3261103919355373
8.159999999999915,1.3096286757700197
8.179999999999914,1.2935764288324774
8.199999999999914,1.2779541265643175
8.219999999999914,1.262761996023036
8.239999999999913,1.2480000210017357
8.259999999999913,1.2336679471815082
8.279999999999912,1.2197652873122742
8.299999999999912,1.2062913264175565
8.319999999999911,1.1932451270190017
8.339999999999911,1.1806255343764236
8.35999999999991,1.1684311817393078
8.37999999999991,1.1566604956058961
8.39999999999991,1.1453117009860787
8.41999999999991,1.1343828266642764
8.439999999999909,1.1238717104588938
8.459999999999908,1.113776004474821
8.479999999999908,1.1040931803456484
8.499999999999908,1.0948205344624213
8.519999999999907,1.0859551931857996
8.539999999999907,1.077494118038613
8.559999999999906,1.0694341108760583
8.579999999999906,1.061771819030562
8.599999999999905,1.0545037404288595
8.619999999999905,1.0476262286786289
8.639999999999905,1.0411354981222805
8.659999999999904,1.0350276288554772
8.679999999999904,1.0292985717083145
8.699999999999903,1.0239441531868336
8.719999999999903,1.0189600803729688
8.739999999999903,1.0143419457808953
8.759999999999902,1.010085232167992
8.779999999999902,1.0061853172986037
8.799999999999901,1.002637478658992
8.8199999999999,0.9994368981218285
8.8399999999999,0.9965786665588254
8.8599999999999,0.9940577883999935
8.8799999999999,0.9918691861382465
8.899999999999899,0.9900077047781553
8.919999999999899,0.988468116227559
8.939999999999898,0.9872451236310551
8.959999999999898,0.986333365644263
8.979999999999897,0.9857274206479553
8.999999999999897,0.9854218109011705
9.019999999999897,0.9854110066324406
9.039999999999896,0.5724730202433029
9.059999999999896,0.1626219874902394
9.079999999999895,-0.22221201743384653
9.099999999999895,-0.5827326668359647
9.119999999999894,-0.9207737186204474
9.139999999999894,-1.238069188386355
9.159999999999894,-1.5361976287857837
9.179999999999893,-1.8165930156205798
9.199999999999893,-2.0805581686562027
9.219999999999892,-2.329277118020634
9.239999999999892,-2.5638263206556444
9.259999999999891,-2.785184823196315
9.279999999999891,-2.9942434692542403
9.29999999999989,-3.1918132405450677
9.31999999999989,-3.378632812977865
9.33999999999989,-3.555375401245516
9.35999999999989,-3.7226549585790236
9.379999999999889,-3.8809877573047404
9.399999999999888,-4.030596896923662
9.419999999999888,-4.171963916040466
9.439999999999888,-4.305539864485636
9.459999999999887,-4.431739388133805
9.479999999999887,-4.550943549482804
9.499999999999886,-4.663502937312629
9.519999999999886,-4.769740515487833
9.539999999999885,-4.8699542053776375
9.559999999999885,-4.964419225026221
9.579999999999885,-5.053390207695972
9.599999999999884,-5.137103120395071
9.619999999999884,-5.215777001088535
9.639999999999883,-5.289615531552228
9.659999999999883,-5.358808461251293
9.679999999999882,-5.423532896193733
9.699999999999882,-5.483954465412006
9.719999999999882,-5.5402283765479305
9.739999999999881,-5.592473779975992
9.75999999999988,-5.640649260441211
9.77999999999988,-5.684888013732525
9.79999999999988,-5.725324849209801
9.81999999999988,-5.762087857150765
9.839999999999879,-5.795298442921871
9.859999999999879,-5.825071885143244
9.879999999999878,-5.851517870552956
9.899999999999878,-5.874740979346165
9.919999999999877,-5.894841124035538
9.939999999999877,-5.911913946133101
9.959999999999877,-5.926051174641459
9.979999999999876,-5.937340949976579
9.999999999999876,-5.945868116606271
10.019999999999875,-5.951714487382572
10.039999999999875,-5.95495908226813
10.059999999999874,-5.955678343904133
10.079999999999874,-5.953946332238133
10.099999999999874,-5.949759397123746
10.119999999999873,-5.943120219320393
10.139999999999873,-5.9340988356483315
10.159999999999872,-5.922767992192667
10.179999999999872,-5.909198682852971
10.199999999999871,-5.893459983606457
10.219999999999871,-5.875619166197629
10.23999999999987,-5.855741815694854
10.25999999999987,-5.833891937376151
10.27999999999987,-5.810132053179524
10.29999999999987,-5.784523288689506
10.319999999999869,-5.757125451581239
10.339999999999868,-5.7279971023595495
10.359999999999868,-5.697195618150185
10.379999999999868,-5.664777250228898
10.399999999999867,-5.630797175908075
10.419999999999867,-5.595309545341272
10.439999999999866,-5.558367523752529
10.459999999999866,-5.520023329548028
10.479999999999865,-5.480328268723659
10.499999999999865,-5.4393327659420505
10.519999999999865,-5.397024524129112
10.539999999999864,-5.3533844089998235
10.559999999999864,-5.3084666228037936
10.579999999999863,-5.262328014306692
10.599999999999863,-5.215024235752369
10.619999999999862,-5.166609557457693
10.639999999999862,-5.117136924008621
10.659999999999862,-5.0666580180025536
10.679999999999861,-5.015223318688148
10.69999999999986,-4.96288215531091
10.71999999999986,-4.909682755628296
10.73999999999986,-4.855672290050202
10.75999999999986,-4.800896911820663
10.779999999999859,-4.745401793616439
10.799999999999859,-4.689231160904184
10.819999999999858,-4.632428322364274
10.839999999999858,-4.575035697661473
10.859999999999857,-4.517094842815406
10.879999999999857,-4.458646473400117
10.899999999999856,-4.3997304857804105
10.919999999999856,-4.340385976572788
10.939999999999856,-4.2806512605011795
10.959999999999855,-4.220563886801377
10.979999999999855,-4.160160654313542
10.999999999999854,-4.09947762538902
11.019999999999854,-4.0385501387256095
11.039999999999853,-3.9774128212345263
11.059999999999853,-3.9160995990328717
11.079999999999853,-3.854643707646017
11.099999999999852,-3.7930777014968617
11.119999999999852,-3.7314334627512804
11.139999999999851,-3.6697422095826053
11.159999999999851,-3.608034503912322
11.17999999999985,-3.5463402586784047
11.19999999999985,-3.4846887446784303
11.21999999999985,-3.4231085970295716
11.23999999999985,-3.3616278212843143
11.259999999999849,-3.3002737992367717
11.279999999999848,-3.239073294451411
11.299999999999848,-3.178052457543105
11.319999999999848,-3.1172368312348433
11.339999999999847,-3.056641310499238
11.359999999999847,-2.9962725263785694
11.379999999999846,-2.936157047182621
11.399999999999846,-2.876321708393757
11.419999999999845,-2.8167925491928294
11.439999999999845,-2.757594770323841
11.459999999999845,-2.6987527549675945
11.479999999999844,-2.6402900913402156
11.499999999999844,-2.5822295937444455
11.519999999999843,-2.5245933220452463
11.539999999999843,-2.4674025997093367
11.559999999999842,-2.4106780305450646
11.579999999999842,-2.3544395142673356
11.599999999999842,-2.2987062610007927
11.619999999999841,-2.243496804824882
11.63999999999984,-2.18882901645446
11.65999999999984,-2.1347201151416
11.67999999999984,-2.0811866798765886
11.69999999999984,-2.0282446599589057
11.719999999999839,-1.9759093850026999
11.739999999999839,-1.9241955744358712
11.759999999999838,-1.8731173465459954
11.779999999999838,-1.822688227122053
11.799999999999837,-1.7729211577364052
11.819999999999837,-1.7238285037074463
11.839999999999836,-1.6754220617798365
11.859999999999836,-1.6277130675559055
11.879999999999836,-1.5807122027088991
11.899999999999835,-1.534429602005726
11.919999999999835,-1.4888748601648187
11.939999999999834,-1.4440570385720986
11.959999999999834,-1.399984671876071
11.979999999999833,-1.3566461481879133
11.999999999999833,-1.3140430369962455
12.019999999999833,-1.2721823657178228
12.039999999999832,-1.2310709857257978
12.059999999999832,-1.1907152622712411
12.079999999999831,-1.15112106449553
12.099999999999831,-1.1122937731174496
12.11999999999983,-1.074238288834305
12.13999999999983,-1.0369590405172529
12.15999999999983,-1.0004599931788587
12.17999999999983,-0.9647446557382616
12.199999999999829,-0.9298160886097591
12.219999999999828,-0.8956769111380031
12.239999999999828,-0.862329308901053
12.259999999999827,-0.8297750409004607
12.279999999999827,-0.7980154466554137
12.299999999999827,-0.767051453216642
12.319999999999826,-0.7368835821139632
12.339999999999826,-0.7075119562500065
12.359999999999825,-0.6789363067512755
12.379999999999825,-0.6511559797866646
12.399999999999824,-0.62416994336225
12.419999999999824,-0.597976794100209
12.439999999999824,-0.5725747640089516
12.459999999999823,-0.5479617272504221
12.479999999999823,-0.5241352069100228
12.499999999999822,-0.5010923817736034
12.519999999999822,-0.47883009311558633
12.539999999999822,-0.4573448515014218
12.559999999999821,-0.43663284360715315
12.57999999999982,-0.4166899390583488
12.59999999999982,-0.3975116972900741
12.61999999999982,-0.37909337442919583
12.63999999999982,-0.361429930199959
12.659999999999819,-0.34451603485327403
12.679999999999819,-0.32834607611986066
12.699999999999818,-0.3129141661870709
12.719999999999818,-0.29821414869895463
12.739999999999817,-0.28423960577871704
12.759999999999817,-0.2709838650726128
12.779999999999816,-0.25844000681402846
12.799999999999816,-0.24660087090621025
12.819999999999816,-0.2354590640220166
12.839999999999815,-0.22500696671880982
12.859999999999815,-0.21523674056645642
12.879999999999814,-0.20614033528620512
12.899999999999814,-0.19770949589816889
12.919999999999813,-0.18993576987487418
12.939999999999813,-0.1828105142983122
12.959999999999813,-0.17632490301780598
12.979999999999812,-0.17046993380586437
12.999999999999812,-0.16523643550914976
13.019999999999811,-0.16061507519159554
13.03999999999981,0.04312961057627337
13.05999999999981,0.2450611635757233
13.07999999999981,0.4348808875544323
13.09999999999981,0.612914856748843
13.11999999999981,0.780005072025165
13.139999999999809,0.9369480217225766
13.159999999999808,1.0844699612181945
13.179999999999808,1.223231774273362
13.199999999999807,1.3538349291224292
13.219999999999807,1.4768269775924734
13.239999999999807,1.5927065570122727
13.259999999999806,1.7019279354853794
13.279999999999806,1.804905141766063
13.299999999999805,1.9020157174790067
13.319999999999805,1.9936041260118327
13.339999999999804,2.0800765847240363
13.359999999999804,2.16173224271064
13.379999999999804,2.23883019458302
13.399999999999803,2.311606558256584
13.419999999999803,2.3802774108672877
13.439999999999802,2.4450407361373205
13.459999999999802,2.5060781502066285
13.479999999999801,2.5635564658079635
13.499999999999801,2.6176291117523616
13.5199999999998,2.668437421032252
13.5399999999998,2.716111799516697
13.5599999999998,2.76077278611464
13.5799999999998,2.8025320142900383
13.599999999999799,2.8414930839114385
13.619999999999798,2.8777523515996606
13.639999999999798,2.911399646993308
13.659999999999798,2.942518921675471
13.679999999999797,2.9711888368906005
13.699999999999797,2.9974832956223882
13.719999999999796,3.0214719240960743
13.739999999999796,3.043220507307822
13.759999999999796,3.0627913827649795
13.779999999999795,3.080243796240476
13.799999999999795,3.0956342229990903
13.819999999999794,3.1090166576389375
13.839999999999794,3.120442875406422
13.859999999999793,3.1299626675833845
13.879999999999793,3.13762405330968
13.899999999999793,3.143473469990401
13.919999999999792,3.1476360301186324
13.939999999999792,3.150164729176277
13.959999999999791,3.1510980570233
13.97999999999979,3.1504729563684553
13.99999999999979,3.1483257563831377
14.01999999999979,3.1446922878306998
14.03999999999979,3.139607944255863
14.059999999999789,3.1331077332831496
14.079999999999789,3.125226321159397
14.099999999999788,3.1159980712990314
14.119999999999788,3.1054570774042873
14.139999999999787,3.0936371916752523
14.159999999999787,3.080572048578872
14.179999999999787,3.06629508460453
14.199999999999786,3.050839554396629
14.219999999999786,3.0342385436199817
14.239999999999785,3.0165249788831905
14.259999999999785,2.9977316350166565
14.279999999999784,2.9778911399761645
14.299999999999784,2.957035977619394
14.319999999999784,2.935198488581782
14.339999999999783,2.912410869458135
14.359999999999783,2.888705170479013
14.379999999999782,2.864113291854633
14.399999999999782,2.8386669789442274
14.419999999999781,2.812397816395492
14.439999999999781,2.785337221386053
14.45999999999978,2.7575164360882516
14.47999999999978,2.7289665194675967
14.49999999999978,2.6997183385164427
14.51999999999978,2.6698025590152925
14.539999999999779,2.639249635906807
14.559999999999778,2.608089803359765
14.579999999999778,2.576353064594131
14.599999999999778,2.544069181532014
14.619999999999777,2.511267664333659
14.639999999999777,2.477977760872767
14.659999999999776,2.444242682210392
14.679999999999776,2.4101368888339985
14.699999999999775,2.375685604218914
14.719999999999775,2.3409115416756427
14.739999999999775,2.3058373557567875
14.759999999999774,2.270485744890975
14.779999999999774,2.2348794181111353
14.799999999999773,2.199041057040775
14.819999999999773,2.162993280359679
14.839999999999772,2.1267586109451813
14.859999999999772,2.0903594455051815
14.879999999999772,2.053818026515375
14.899999999999771,2.0171564162885196
14.91999999999977,1.9803964730192023
14.93999999999977,1.9435598286609725
14.95999999999977,1.906667868506016
14.97999999999977,1.869741712348216
14.999999999999769,1.83280219712133
15.019999999999769,1.7958698609130723
15.039999999999768,1.7589649282645508
15.059999999999768,1.7221072966719329
15.079999999999767,1.685316524214434
15.099999999999767,1.648611818238829
15.119999999999767,1.6120120250362568
15.139999999999766,1.57553562045259
15.159999999999766,1.539200701377882
15.179999999999765,1.5030249780649099
15.199999999999765,1.4670257672304137
15.219999999999764,1.4312199858963437
15.239999999999764,1.395624145931139
15.259999999999764,1.3602543492544215
15.279999999999763,1.3251262836704907
15.299999999999763,1.290255219298684
15.319999999999762,1.2556560055707267
15.339999999999762,1.2213430687668052
15.359999999999761,1.1873304100643471
15.379999999999761,1.1536316040743528
15.39999999999976,1.1202597978423563
15.41999999999976,1.0872277102916061
15.43999999999976,1.05454763208782
15.45999999999976,1.0222314259056002
15.479999999999759,0.9902905270777611
15.499999999999758,0.9587359446095369
15.519999999999758,0.9275782625406525
15.539999999999758,0.8968276416388932
15.559999999999757,0.866493821409446
15.579999999999757,0.8365861224050667
15.599999999999756,0.8071134488225804
15.619999999999756,0.7780842913718775
15.639999999999755,0.749506730403949
15.659999999999755,0.7213884392851938
15.679999999999755,0.6937366880054203
15.699999999999754,0.6665583470075126
15.719999999999754,0.6398598912272412
15.739999999999753,0.6136474043317638
15.759999999999753,0.5879265831460417
15.779999999999752,0.5627027422565224
15.799999999999752,0.5379808187818058
15.819999999999752,0.5137653773004047
15.839999999999751,0.4900606149258826
15.85999999999975,0.4668703665200244
15.87999999999975,0.44419811003489856
15.89999999999975,0.42204697197502716
15.91999999999975,0.4004197329710546
15.939999999999749,0.37931883345658424
15.959999999999749,0.3587463794401545
15.979999999999748,0.3387041483644415
15.999999999999748,0.3191935950451363
16.019999999999747,0.30021585768211406
16.039999999999747,0.28177176393572423
16.059999999999746,0.26386183706130295
16.079999999999746,0.2464863020951823
16.099999999999746,0.2296450920856842
16.119999999999745,0.21333785436284405
16.139999999999745,0.19756395684075834
16.159999999999744,0.18232249434670486
16.179999999999744,0.16761229497130808
16.199999999999743,0.1534319264343548
16.219999999999743,0.1397797024608611
16.239999999999743,0.1266536891624227
16.259999999999742,0.11405171141883616
16.279999999999742,0.10197135925532476
16.29999999999974,0.09040999421078809
16.31999999999974,0.07936475569277687
16.33999999999974,0.06883256731492646
16.35999999999974,0.05881014321287587
16.37999999999974,0.04929399433483472
16.39999999999974,0.04028043470306934
16.41999999999974,0.03176558764284193
16.43999999999974,0.023745391975399915
16.459999999999738,0.016215608171819454
16.479999999999738,0.00917182446467184
16.499999999999737,0.0026094629145568464
16.519999999999737,-0.0034762145712069897
16.539999999999736,-0.009074502792420083
16.559999999999736,-0.014175056628896506
16.579999999999735,-0.018784203823871463
16.599999999999735,-0.022909154777271387
16.619999999999735,-0.02655717270587251
16.639999999999734,-0.02973552735781236
16.659999999999734,-0.03245149741475343
16.679999999999733,-0.03471237475301686
16.699999999999733,-0.03652546798866268
16.719999999999732,-0.03789810524273212
16.739999999999732,-0.038837636198405676
16.75999999999973,-0.03935143352266643
16.77999999999973,-0.03944689371889617
16.79999999999973,-0.03913143747081214
16.81999999999973,-0.038412509532679114
16.83999999999973,-0.03729757821569161
16.85999999999973,-0.035794134515887026
16.87999999999973,-0.033909690924824
16.89999999999973,-0.03165177996044603
16.919999999999728,-0.029027952452186218
16.939999999999728,-0.02604577561115564
16.959999999999727,-0.02271283091350382
16.979999999999727,-0.019036711822384585
16.999999999999726,-0.01502502137164093
17.019999999999726,-0.010685369632170354
17.039999999999726,-0.006025371079961773
17.059999999999725,-0.0010526418830405144
17.079999999999725,0.004225202877077414
17.099999999999724,0.009800552035285869
17.119999999999724,0.015665801211365515
17.139999999999723,0.021813355705456804
17.159999999999723,0.02823563341008619
17.179999999999723,0.03492506772931214
17.199999999999722,0.041874110496465715
17.21999999999972,0.04907523488281461
17.23999999999972,0.05652093829025717
17.25999999999972,0.06420374522182624
17.27999999999972,0.07211621012442797
17.29999999999972,0.08025092019883935
17.31999999999972,0.08860049817248018
17.33999999999972,0.0971576050309835
17.35999999999972,0.10591494270501615
17.37999999999972,0.11486525670920533
17.399999999999718,0.1240013387303673
17.419999999999717,0.1333160291626083
17.439999999999717,0.14280221958712622
17.459999999999717,0.15245285519484153
17.479999999999716,0.16226093715022172
17.499999999999716,0.1722195248948959
17.519999999999715,0.18232173838988
17.539999999999715,0.19256076029538055
17.559999999999715,0.20292983808735765
17.579999999999714,0.21342228611016936
17.599999999999714,0.22403148756474237
17.619999999999713,0.23475089643189367
17.639999999999713,0.24557403933048355
17.659999999999712,0.25649451731020434
17.679999999999712,0.26750600757898013
17.69999999999971,0.2786022651649072
17.71999999999971,0.2897771245128841
17.73999999999971,0.3010245010160174
17.75999999999971,0.31233839248209094
17.77999999999971,0.3237128805353511
17.79999999999971,0.3351421319539321
17.81999999999971,0.346620399943357
17.83999999999971,0.3581420253464903
17.859999999999708,0.3697014377904518
17.879999999999708,0.38129315677099973
17.899999999999707,0.39291179267491794
17.919999999999707,0.40455204774099734
17.939999999999706,0.4162087169602047
17.959999999999706,0.42787668891566544
17.979999999999706,0.43955094656312654
17.999999999999705,0.4512265679525715
18.019999999999705,0.4628987268916587
18.039999999999704,0.47456269355172515
18.059999999999704,0.48621383501705234
18.079999999999703,0.49784761577814807
18.099999999999703,0.5094595981697985
18.119999999999703,0.5210454427546442
18.139999999999702,0.5326009086530624
18.1599999999997,0.5441218538201286
18.1799999999997,0.5556042352704734
18.1999999999997,0.5670441092518063
18.2199999999997,0.57843763136793
18.2399999999997,0.5897810566520735
18.2599999999997,0.6010707395913273
18.2799999999997,0.6123031341030304
18.2999999999997,0.6234747934639503
18.3199999999997,0.6345823701930718
18.339999999999698,0.6456226158888403
18.359999999999697,0.6565923810216954
18.379999999999697,0.6674886146827532
18.399999999999697,0.6783083642894897
18.419999999999696,0.6890487752492567
18.439999999999696,0.6997070905815066
18.459999999999695,0.7102806504995586
18.479999999999695,0.7207668919528031
18.499999999999694,0.7311633481301661
18.519999999999694,0.7414676479257118
18.539999999999694,0.7516775153672511
18.559999999999693,0.761790769008822
18.579999999999693,0.7718053212878856
18.599999999999692,0.7817191778481365
18.619999999999692,0.7915304429306684
18.63999999999969,0.8012373099121405
18.65999999999969,0.8108380588086637
18.67999999999969,0.8203310596318352
18.69999999999969,0.8297147717814168
18.71999999999969,0.8389877431884495
18.73999999999969,0.8481486094168371
18.75999999999969,0.8571960927371735
18.77999999999969,0.8661290011743706
18.799999999999688,0.8749462275299811
18.819999999999688,0.8836467483800343
18.839999999999687,0.8922296230491654
18.859999999999687,0.9006939925619536
18.879999999999686,0.909039078572212
18.899999999999686,0.9172641822711044
18.919999999999686,0.9253686832749036
18.939999999999685,0.9333520384932282
18.959999999999685,0.9412137809785739
18.979999999999684,0.9489535187579734
18.999999999999684,0.9565709336475908
19.019999999999683,0.9640657800511214
19.039999999999683,0.9714378837427622
19.059999999999683,0.9786871406355738
19.079999999999682,0.9858135155361022
19.09999999999968,0.9928170408860072
19.11999999999968,0.9996978154915473
19.13999999999968,1.0064560032416743
19.15999999999968,1.013091831815605
19.17999999999968,1.0196055913806037
19.19999999999968,1.025997633280767
19.21999999999968,1.032268368717635
19.23999999999968,1.0384182674233522
19.25999999999968,1.0444478563271784
19.279999999999678,1.0503577182161206
19.299999999999677,1.0561484903903904
19.319999999999677,1.0618208633144928
19.339999999999677,1.0673755792646604
19.359999999999676,1.0728134309733803
19.379999999999676,1.0781352602716947
19.399999999999675,1.0833419567300566
19.419999999999675,1.0884344562984045
19.439999999999674,1.0934137399461614
19.459999999999674,1.0982808323028639
19.479999999999674,1.1030368003000897
19.499999999999673,1.1076827518153198
19.519999999999673,1.1122198343184801
19.539999999999672,1.1166492335217342
19.559999999999672,1.1209721720332204
19.57999999999967,1.1251899080153003
19.59999999999967,1.1293037338479823
19.61999999999967,1.1333149747981406
19.63999999999967,1.1372249876950722
19.65999999999967,1.141035159613035
19.67999999999967,1.1447469065612845
19.69999999999967,1.1483616721821954
19.71999999999967,1.1518809264580354
19.739999999999668,1.155306164426876
19.759999999999668,1.1586389049082189
19.779999999999667,1.1618806892387834
19.799999999999667,1.1650330800190316
19.819999999999666,1.1680976598708661
19.839999999999666,1.1710760302069458
19.859999999999665,1.1739698100121585
19.879999999999665,1.1767806346376246
19.899999999999665,1.1795101546076878
19.919999999999664,1.182160034440317
19.939999999999664,1.1847319514813093
19.959999999999663,1.1872275947527051
19.979999999999663,1.1896486638157842
19.999999999999662,1.1919968676489858
20.019999999999662,1.1942739235411157
20.03999999999966,1.1964815560002156
20.05999999999966,1.1986214956783554
20.07999999999966,1.2006954783126726
20.09999999999966,1.2027052436829946
20.11999999999966,1.2046525345862558
20.13999999999966,1.2065390958280509
20.15999999999966,1.208366673231512
20.17999999999966,1.2101370126637907
20.19999999999966,1.211851859080358
20.219999999999658,1.2135129555873148
20.239999999999657,1.2151220425219544
20.259999999999657,1.2166808565517153
20.279999999999657,1.218191129791728
20.299999999999656,1.2196545889411077
20.319999999999656,1.2210729544381036
20.339999999999655,1.2224479396342964
20.359999999999655,1.2237812499879288
20.379999999999654,1.2250745822764528
20.399999999999654,1.2263296238284265
20.419999999999654,1.227548051774844
20.439999999999653,1.2287315323199
20.459999999999653,1.2298817200313406
20.479999999999652,1.2310002571503593
20.499999999999652,1.2320887729211258
20.51999999999965,1.2331488829399464
20.53999999999965,1.2341821885240318
20.55999999999965,1.2351902760999487
20.57999999999965,1.2361747166116566
20.59999999999965,1.237137064948144
20.61999999999965,1.2380788593906331
20.63999999999965,1.2390016210792947
20.65999999999965,1.239906853499386
20.679999999999648,1.2407960419868218
20.699999999999648,1.2416706532529835
20.719999999999647,1.2425321349287992
20.739999999999647,1.2433819151279184
20.759999999999646,1.2442214020289164
20.779999999999646,1.2450519834763634
20.799999999999645,1.245875026600678
20.819999999999645,1.2466918774566031
20.839999999999645,1.247503860680212
20.859999999999644,1.2483122791642018
20.879999999999644,1.2491184137514122
20.899999999999643,1.2499235229463455
20.919999999999643,1.2507288426445191
20.939999999999642,1.2515355858794965
20.959999999999642,1.252344942587384
20.97999999999964,1.2531580793885895
20.99999999999964,1.2539761393867057
21.01999999999964,1.2548002419842075
21.03999999999964,1.2556314827148432
21.05999999999964,1.256470933092445
21.07999999999964,1.25731964047596
21.09999999999964,1.2581786279504565
21.11999999999964,1.2590488942238711
21.139999999999638,1.2599314135393092
21.159999999999638,1.2608271356025296
21.179999999999637,1.2617369855245082
21.199999999999637,1.262661863778748
21.219999999999636,1.2636026461730656
21.239999999999636,1.2645601838356593
21.259999999999636,1.265535303215136
21.279999999999635,1.266528806094275
21.299999999999635,1.267541469617201
21.319999999999634,1.268574046329785
21.339999999999634,1.269627264232881
21.359999999999634,1.2707018268482217
21.379999999999633,1.271798413296668
21.399999999999633,1.2729176783884844
21.419999999999632,1.2740602527254343
21.439999999999632,1.2752267428143345
21.45999999999963,1.2764177311918634
21.47999999999963,1.277633776560218
21.49999999999963,1.2788754139335456
21.51999999999963,1.2801431547945743
21.53999999999963,1.2814374872614271
21.55999999999963,1.282758876264155
21.57999999999963,1.284107763730765
21.59999999999963,1.2854845687824636
21.619999999999628,1.2868896879378044
21.639999999999628,1.2883234953254752
21.659999999999627,1.2897863429054144
21.679999999999627,1.291278560697996
21.699999999999626,1.2928004570209801
21.719999999999626,1.29435231873392
21.739999999999625,1.2959344114898512
21.759999999999625,1.2975469799938373
21.779999999999625,1.2991902482681847
21.799999999999624,1.3008644199240333
21.819999999999624,1.3025696784390326
21.839999999999623,1.3043061874408524
21.859999999999623,1.3060740909962127
21.879999999999622,1.30787351390522
21.899999999999622,1.309704562000697
21.91999999999962,1.3115673224522886
21.93999999999962,1.3134618640750055
21.95999999999962,1.3153882376420307
21.97999999999962,1.3173464762014904
21.99999999999962,1.3193365953969274
22.01999999999962,1.3213585937912276
22.03999999999962,1.3234124531938167
22.05999999999962,1.3254981389907463
22.079999999999618,1.3276156004775779
22.099999999999618,1.3297647711947238
22.119999999999617,1.3319455692650468
22.139999999999617,1.3341578977334887
22.159999999999616,1.3364016449084786
22.179999999999616,1.3386766847049383
22.199999999999616,1.340982876988609
22.219999999999615,1.3433200679215322
22.239999999999615,1.3456880903084152
22.259999999999614,1.3480867639437253
22.279999999999614,1.3505158959593027
22.299999999999613,1.352975281172207
22.319999999999613,1.3554647024327338
22.339999999999613,1.3579839309722752
22.359999999999612,1.36053272675093
22.37999999999961,1.363110838804639
22.39999999999961,1.3657180055916058
22.41999999999961,1.368353955337955
22.43999999999961,1.3710184063823354
22.45999999999961,1.3737110675193174
22.47999999999961,1.3764316383414894
22.49999999999961,1.3791798095800016
22.51999999999961,1.3819552634434462
22.53999999999961,1.3847576739549061
22.559999999999608,1.387586707286998
22.579999999999607,1.3904420220948548
22.599999999999607,1.3933232698467612
22.619999999999607,1.396230095152412
22.639999999999606,1.3991621360886268
22.659999999999606,1.4021190245223853
22.679999999999605,1.4051003864310532
22.699999999999605,1.4081058422196915
22.719999999999605,1.4111350070353035
22.739999999999604,1.4141874910779637
22.759999999999604,1.4172628999086254
22.779999999999603,1.4203608347535848
22.799999999999603,1.423480892805433
22.819999999999602,1.4266226675204885
22.839999999999602,1.4297857489125028
22.8599999999996,1.4329697238425925
22.8799999999996,1.4361741763053741
22.8999999999996,1.4393986877111156
22.9199999999996,1.442642837163877
22.9399999999996,1.4459062017356037
22.9599999999996,1.4491883567359585
22.9799999999996,1.452488875978055
22.9999999999996,1.455807332039752
23.019999999999598,1.4591432965206845
23.039999999999598,1.4624963402948674
23.059999999999597,1.4658660337587586
23.079999999999597,1.4692519470748782
23.099999999999596,1.4726536504108179
23.119999999999596,1.4760707141736373
23.139999999999596,1.47950270923961
23.159999999999595,1.4829492071792783
23.179999999999595,1.4864097804777838
23.199999999999594,1.4898840027504219
23.219999999999594,1.4933714489534218
23.239999999999593,1.4968716955899435
23.259999999999593,1.5003843209111922
23.279999999999593,1.503908905112729
23.299999999999592,1.5074450305258367
23.31999999999959,1.5109922818041324
23.33999999999959,1.5145502461051867
23.35999999999959,1.5181185132673107
23.37999999999959,1.5216966759813841
23.39999999999959,1.525284329957834
23.41999999999959,1.5288810740886984
23.43999999999959,1.5324865106047942
23.45999999999959,1.536100245227973
23.47999999999959,1.5397218873185747
23.499999999999588,1.5433510500179137
23.519999999999587,1.5469873503859555
23.539999999999587,1.5506304095341772
23.559999999999587,1.5542798527535973
23.579999999999586,1.5579353096379882
23.599999999999586,1.5615964142023033
23.619999999999585,1.5652628049964155
23.639999999999585,1.5689341252140863
23.659999999999584,1.5726100227972337
23.679999999999584,1.5762901505355809
23.699999999999584,1.579974166161658
23.719999999999583,1.5836617324411866
23.739999999999583,1.5873525172589422
23.759999999999582,1.5910461937001026
23.779999999999582,1.5947424401270909
23.79999999999958,1.5984409402520168
23.81999999999958,1.602141383204694
23.83999999999958,1.6058434635963765
23.85999999999958,1.6095468815791094
23.87999999999958,1.6132513429009014
23.89999999999958,1.6169565589566952
23.91999999999958,1.6206622468351444
23.93999999999958,1.62436812936133
23.959999999999578,1.6280739351354416
23.979999999999578,1.6317793985674622
23.999999999999577,1.6354842599079074
24.019999999999577,1.639188265274724
24.039999999999576,1.6428911666763668
24.059999999999576,1.6465927220310852
24.079999999999576,1.650292695182585
24.099999999999575,1.6539908559119765
24.119999999999575,1.6576869799462124
24.139999999999574,1.6613808489630026
24.159999999999574,1.6650722505922793
24.179999999999573,1.6687609784142576
24.199999999999573,1.672446831954231
24.219999999999573,1.6761296166740671
24.239999999999572,1.6798091439605773
24.25999999999957,1.6834852311107078
24.27999999999957,1.6871577013137202
24.29999999999957,1.6908263836303936
24.31999999999957,1.694491112969257
24.33999999999957,1.6981517300600728
24.35999999999957,1.7018080814244472
24.37999999999957,1.70546001934377
24.39999999999957,1.7091074018245531
24.41999999999957,1.7127500925611348
24.439999999999568,1.7163879608959436
24.459999999999567,1.720020881777271
24.479999999999567,1.7236487357147297
24.499999999999567,1.727271408732383
24.519999999999566,1.73088879231972
24.539999999999566,1.7345007833803774
24.559999999999565,1.7381072841788983
24.579999999999565,1.7417082022853412
24.599999999999564,1.745303450518075
24.619999999999564,1.748892946884589
24.639999999999564,1.7524766145205959
24.659999999999563,1.7560543816273255
24.679999999999563,1.7596261814071743
24.699999999999562,1.7631919519977415
24.719999999999562,1.7667516364043587
24.73999999999956,1.7703051824311402
24.75999999999956,1.7738525426105787
24.77999999999956,1.7773936741319147
24.79999999999956,1.7809285387681508
24.81999999999956,1.7844571028018845
24.83999999999956,1.7879793369500137
24.85999999999956,1.7914952162873763
24.87999999999956,1.7950047201693493
24.899999999999558,1.7985078321535057
24.919999999999558,1.8020045399204458
24.939999999999557,1.8054948351937028
24.959999999999557,1.80897871365897
24.979999999999556,1.8124561748826151
24.999999999999556,1.8159272222294853
