Time,altitude (ft),Mach,Vt (ft/s),alpha (deg),beta (deg),p (rad/s),q (rad/s),r (rad/s),phi (rad),theta (rad),psi (rad),elevator cmd,elevator (rad),left aileron (rad),right aileron (rad),rudder (rad),flap (rad),weight (lb),engine 0 thrust (lb),engine 1 thrust (lb)
0,40000.1884156912565,0.799999999999999489,774.459548528208074,-3.33515603215094706e-15,3.4337410382171407e-15,0,0,0,-1.18616341138162461e-16,4.79171125556109589e-17,1.57079632679489656,0,0,0,0,0,0,9974,167.237348378114916,167.237348378114916
0.1,40000.0323112122715,0.800104592616135091,774.560801966047848,0.228947276489882778,-0.0041547151895999267,0.000167086703555454692,-0.00104145981149648351,0.00254694393832515355,1.81817244018322868e-06,-2.49513242986688301e-05,1.57088078839571788,0,0,0,0,0.00251555418708855876,0,9973.98569247592604,594.912245537721219,0
0.2,39999.5715081691742,0.800195170932480937,774.648488518527415,0.437974029966090694,-0.0224640459567848165,0.00121035239229598827,-0.0031489040980593342,0.0043764242799730485,5.36101251681504179e-05,-0.000202615810668176126,1.57122200415440894,0,0,0,0,0.00486502702782546162,0,9973.97004872460275,496.528322744701029,0
0.3,39998.8210558369756,0.80026434746158126,774.715456547897134,0.623167308432622136,-0.0477998377832481933,0.0029033424213439421,-0.0060854535293502288,0.00505776798992696366,0.00023830477669275788,-0.000625188662080712566,1.57169679070358526,0,0,0,0,0.00547313728909188182,0,9973.95622844189347,411.564349680753878,0
0.4,39997.793337777257,0.800316636935033299,774.766076650400123,0.781361864690926833,-0.0744606773657705834,0.00494548839888109184,-0.0097257994920687367,0.00497086464009529553,0.000608047600689411638,-0.00137076634654695806,1.572206026249934,0,0,0,0,0.00499502569100115749,0,9973.94272583976635,340.941768272557567,0
0.5,39996.4989135079086,0.800356916482553249,774.80507025063423,0.910267660627490649,-0.0987508123833030493,0.00711210857399444465,-0.0139328292924234213,0.00441572933975296639,0.0011880951197706267,-0.00250439178902745179,1.57268502872047522,0,0,0,0,0.00392162482506472169,0,9973.92922323763923,285.018059606959525,0
0.6,39994.9463668093085,0.800390099608471517,774.837193986530906,1.00848124702565189,-0.118554456219801013,0.00924382711462387249,-0.0185611427805021691,0.00362206745598878761,0.00198403411661555486,-0.00407698061601346855,1.57309592349110705,0,0,0,0,0.00260862359215930338,0,9973.9157206355103,242.941682501465067,0
0.7,39993.1422142833471,0.800420719532985769,774.866836352675023,1.07548152691891419,-0.132948346960175379,0.011235897675302536,-0.0234600200136920317,0.00275605814577627997,0.00298790918731274384,-0.00612460006050927902,1.5734208624402084,0,0,0,0,0.00129789042861057813,0,9973.90221803338136,212.787817169211849,0
0.8,39991.0908733978868,0.800452659474400363,774.89775659343502,1.11161036805365843,-0.141851161827896755,0.0130270591657474181,-0.0284770265679274298,0.00192881208527381364,0.00418322372179050737,-0.00866809120643149793,1.57365602005585958,0,0,0,0,0.000138141481498744729,0,9973.88871543125424,192.200440638210409,0
0.9,39988.7946885190904,0.800489099356311629,774.933033111551822,1.11803285355662951,-0.145725135461763716,0.0145887861612920017,-0.0334625690107182711,0.00120722743629113425,0.00554880969414129482,-0.0117131047288004421,1.57380658639801174,0,0,0,0,-0.000793239494192978477,0,9973.87521282912712,178.964052127109909,0
1,40000.1884584650397,0.799999999293443453,774.459547844209283,5.20012737922738566,-0.000949388927512531417,6.98450932615355516e-09,-5.84088848251326787e-15,-4.87798740711074732e-10,-0.00199428133109489465,0.0907600894865531194,1.57079680930251597,0,-0.0407959819417686997,1.00688485141217589e-05,-1.00688485141217589e-05,-5.22702368921266756e-05,0,9973.86171022699818,489.85225567422907,0
1.1,40000.1965854018927,0.799821702516944288,774.286943292919773,5.16214066785218151,-0.00643259249199122814,0.000228681262017208306,-0.0143724182489584767,0.00232897548602644224,-0.00198140460278541835,0.0903383958667064585,1.57089912664185505,0.100000000000000006,-0.0141306055615884208,1.00697679995263024e-05,-1.00697679995263024e-05,0.00233990725239625495,0,9973.84745394968377,489.794301036283343,0
1.2,40000.223470043391,0.799665681468898826,774.135903304882049,5.02894047539593547,-0.0227832740984582269,0.001181217725519629,-0.0317036691907849125,0.00391343740024366251,-0.00189842459329451368,0.0882029196737241505,1.57120871029717812,0.100000000000000006,-0.0141319996336788101,1.00707614447444612e-05,-1.00707614447444612e-05,0.00423344371912287923,0,9973.83319922155351,489.74342028736902,0
1.3,40000.2589933276176,0.799523397430598526,773.998161764801011,4.80899446317974011,-0.0456392541446793074,0.00272648397065807088,-0.0476475437848438571,0.00489403956545194068,-0.00168438029491043925,0.0843864313143718736,1.57165438472375429,0.100000000000000006,-0.0141332855392271826,1.00716778082000095e-05,-1.00716778082000095e-05,0.00516255799242052241,0,9973.81894592906247,489.69692537448833,0
1.4,40000.2873622700572,0.799401834604135608,773.880479900175715,4.5153441999782773,-0.0717119840316833845,0.00471810995394229306,-0.0618008278378022954,0.00542320551165347345,-0.00129235059096893053,0.0790443036774625823,1.57218018698009843,0.100000000000000006,-0.014134400215920391,1.00724721503565548e-05,-1.00724721503565548e-05,0.0054134658083887198,0,9973.80469391611587,489.657217128373929,0
1.5,40000.2877107858658,0.799307098692131346,773.788768485625383,4.1624105649943397,-0.0986584868252841501,0.00703358412860851691,-0.0738529387104649437,0.00562544725626014028,-0.000687604597158254349,0.0723685744883832832,1.57274347742019005,0.100000000000000006,-0.014135288093880408,1.00731048709452289e-05,-1.00731048709452289e-05,0.00521037277224578339,0,9973.79044295942185,489.626455402295335,0
1.6,40000.2351367175579,0.799242411039360445,773.726146022675039,3.76528495785750383,-0.124901249737944364,0.00957259320565665914,-0.0835832627656900723,0.00559970950319046545,0.000154693690962092573,0.0645785774586404293,1.57331238697837872,0.100000000000000006,-0.0141359081995765974,1.00735467713626323e-05,-1.00735467713626323e-05,0.00472414110999148928,0,9973.7761927773754,489.605898538354211,0
1.7,40000.1023183725774,0.799201577249437523,773.686615874539484,3.33889924214235778,-0.149457370096384018,0.0122551855545515471,-0.0908290439483659673,0.00542218284207083342,0.00125149333945927363,0.0559135259528262402,1.5738636492945508,0.100000000000000006,-0.0141363111519547772,1.00738339237387588e-05,-1.00738339237387588e-05,0.0040807540169792841,0,9973.7619430944269,489.593768260454397,0
1.8,39999.8604769892991,0.799185954019627109,773.671491425157569,2.89861435532773104,-0.171783149357481763,0.0150183826076506401,-0.0955465341667180168,0.00514950209202471882,0.00261355348282555104,0.0466244625875365942,1.57438081740301494,0.100000000000000006,-0.0141364949311483731,1.00739648886740258e-05,-1.00739648886740258e-05,0.00336931776889977169,0,9973.74769365708926,489.591491946267638,0
1.9,39999.4799722991884,0.799197092761487871,773.682274556398397,2.45911675919030603,-0.191639104561708462,0.0178134724251232876,-0.0977834409933828752,0.00482211949137951838,0.00424678858672831137,0.0369629160160883652,1.57485283430021727,0.100000000000000006,-0.0141364446428164665,1.00739290521464852e-05,-1.00739290521464852e-05,0.00264971342769480724,0,9973.73344415435167,489.600363539768864,0
2,39998.9312721118331,0.799235875005753771,773.719818655629751,2.03393958495728855,-0.208978546551069927,0.0206032016339537417,-0.0976620124535226286,0.00446767511573716025,0.00615334496357486729,0.0271726235987698704,1.57527291708967954,0.100000000000000006,-0.0141361513318289736,1.00737200325412825e-05,-1.00737200325412825e-05,0.00195955368024253824,0,9973.71919426324712,489.62053226547971,0
2.1,39998.1858517937362,0.799297395488950402,773.779375062681879,1.63515118945492333,-0.223860384772643778,0.0233594326756951,-0.0953457608416334867,0.00410417833387731294,0.0083324203681561862,0.0174829240461454004,1.57563771504971428,0.100000000000000006,-0.01413563906803624,1.00733549825421929e-05,-1.00733549825421929e-05,0.00132029597351087801,0,9973.70494365854938,489.650799656611866,0
2.2,39997.2170046158135,0.799374303886017268,773.853828115769943,1.27329478746628544,-0.23638479037689239,0.026060625934337011,-0.0910327593567055865,0.00374284943626082512,0.010780902405900121,0.00810631891064588113,1.57594671791118257,0.100000000000000006,-0.0141349876884523818,1.00728907956918484e-05,-1.00728907956918484e-05,0.000742360477162760327,0,9973.6906920804322,489.689148393703533,0
2.3,39996.0005349293351,0.799467123680313363,773.943684585751271,0.957078495946816488,-0.24664986181627982,0.0286886479458909362,-0.0850055397831734616,0.00339061106948496593,0.0134937088853663099,-0.000768377792628549376,1.57620180587018677,0.100000000000000006,-0.0141341962674814466,1.00723268123910255e-05,-1.00723268123910255e-05,0.000229278429777003505,0,9973.67643928714824,489.736082562399702,0
2.4,39994.5153329074383,0.799575971516411799,774.049057393255111,0.693135149350192159,-0.254726967621710432,0.0312278554209868275,-0.0775764778070070632,0.00305207996162753636,0.0164639625148831868,-0.00898193290591579006,1.57640689479459928,0.100000000000000006,-0.0141332633394224867,1.0071661988150263e-05,-1.0071661988150263e-05,-0.000219027316393109441,0,9973.66218502469201,489.791931545637738,0
2.5,39992.7438141331077,0.799700726917613181,774.169829907868689,0.485988636455545187,-0.260651144106732457,0.0336639438414723519,-0.0690747719243329783,0.00273108386746450911,0.0196830956248079149,-0.0164071215221916478,1.5765676575036438,0.100000000000000006,-0.0141321895619748884,1.00708967916600414e-05,-1.00708967916600414e-05,-0.000603915574848905463,0,9973.64792903093985,489.856899050927268,0
2.6,39990.6722187362611,0.799841052201088476,774.305675227477877,0.33808722517342954,-0.264423183363928838,0.0359832200974434455,-0.0598355334962199364,0.00243171553631073506,0.0231408930180322658,-0.0229499803903852398,1.57669127159395961,0.100000000000000006,-0.0141309775497257036,1.00700330861303187e-05,-1.00700330861303187e-05,-0.000926500154163605624,0,9973.63367103927885,489.931065447686478,0
2.7,39988.2907722815871,0.799996417111004443,774.456080024966241,0.249893589524047333,-0.266020160850205023,0.0381722825949643227,-0.0501900072945494768,0.00215896188965524014,0.0268255144450923015,-0.0285500161926987607,1.57678616309397679,0.100000000000000006,-0.0141296316642707566,1.00690739797264091e-05,-1.00690739797264091e-05,-0.00118680354186808572,0,9973.61941078215023,490.014393546167923,0
2.8,39985.593714248389,0.800166070565639376,774.620317197319764,0.220022773111239023,-0.265411377069548871,0.0402180602843223572,-0.0404567031069490504,0.00191895276043573372,0.030723532482343989,-0.0331794776983593692,1.57686172488883281,0.100000000000000006,-0.0141281580769774678,1.00680238702950897e-05,-1.00680238702950897e-05,-0.00138347047425459928,0,9973.605148031922,490.103376247784354,0
2.9,39982.5792035125196,0.800349109763694555,774.797512765680722,0.245420931541347115,-0.262576933384905897,0.0421081282695965828,-0.0309339684341031276,0.00171890562804913934,0.0348200138002358953,-0.0368417788225695389,1.57692799881320012,0.100000000000000006,-0.0141265646972773256,1.006688839426431e-05,-1.006688839426431e-05,-0.00151391093477787862,0,9973.5908825943261,490.200756985769601,0
3,39979.2491117417812,0.800544599679832269,774.986761555922953,0.321571952548643292,-0.25752664800644981,0.0438312274092336265,-0.021894096749534752,0.00156683003706829566,0.0390986601710720111,-0.0395692670502090643,1.57699531948391081,0.100000000000000006,-0.0141248596565104901,1.0065673346198822e-05,-1.0065673346198822e-05,-0.00157472399533275576,0,9973.57661422666206,490.306300089216393,0
3.1,39975.6087189167738,0.800751537773648492,775.187093034310692,0.442727948726250764,-0.250317099913396401,0.0453779311207520228,-0.0135775500819977496,0.00147102047963220957,0.0435420197366834794,-0.041420385363158764,1.57707392539045377,0.100000000000000006,-0.0141230517165245456,1.00643849699762908e-05,-1.00643849699762908e-05,-0.00156236559650699399,0,9973.56234269559718,490.419630127766482,0
3.2,39971.6663262248039,0.800968890040682724,775.397506207559331,0.602157764712006882,-0.241065019606755748,0.0467413430293370583,-0.00618853940434044465,0.00143944561949400961,0.0481317683955163542,-0.0424763093628087243,1.57717355115937341,0.100000000000000006,-0.0141211499765441229,1.00630297498963856e-05,-1.00630297498963856e-05,-0.00147389606645213279,0,9973.54806777936756,490.540320378069907,0
3.3,39967.4328027665615,0.801195623995084705,775.617001552512079,0.792406045564268191,-0.22995571855161781,0.0479177538307308665,0.000108392153713999647,0.00147909047867154269,0.0528490525000185687,-0.0428371755059950149,1.57730302023047764,0.100000000000000006,-0.01411916357958189,1.00616142014630599e-05,-1.00616142014630599e-05,-0.00130772797924791264,0,9973.53378926906589,490.667909065708898,0
3.4,39962.9210834056139,0.801430739819573912,775.844611171619249,1.00555664680463153,-0.217245695541972345,0.0489071835753582401,0.00519075833629289995,0.00159531833789843414,0.0576748783102427817,-0.042618000539145745,1.57746986044920012,0.100000000000000006,-0.0141171014335269435,1.00601446726262435e-05,-1.00601446726262435e-05,-0.00106429221093160432,0,9973.51950696948552,490.801915733348494,0
3.5,39958.1456354297698,0.801673298867495498,776.079426385050283,1.23349424971374821,-0.203259092321076973,0.0497137485822730166,0.00897944568148702563,0.00179131402820197506,0.0625905294060919715,-0.0419443964223217142,1.57767996631412566,0.100000000000000006,-0.0141149719542268091,1.00586271606966456e-05,-1.00586271606966456e-05,-0.000746552421552184047,0,9973.50522069946965,490.941857246213601,0
3.6,39953.1219114996493,0.801922448782833808,776.320622048736141,1.46815806310871055,-0.188378230189911983,0.0503458098118718042,0.0114389062491955691,0.00206766115777510346,0.0675779911204155148,-0.0409481907032719639,1.57793733059056329,0.100000000000000006,-0.0141127828372071499,1.00570671496684047e-05,-1.00570671496684047e-05,-0.000360315371612183295,0,9973.49093029180767,491.087262972303506,0
3.7,39947.8658061251044,0.802177444610611134,776.56747699080745,1.7017815315255489,-0.17302899730111676,0.0508158803771475778,0.0125761879004426275,0.0024220926844553568,0.0726203608980312415,-0.0397630678547501934,1.57824386481254941,0.100000000000000006,-0.0141105408637772402,1.00554694720457516e-05,-1.00554694720457516e-05,8.5695030282340463e-05,0,9973.47663559271678,491.237688709292115,0
3.8,39942.3931317217648,0.802437665401495193,776.819390086089584,1.92711211551715311,-0.157662317842214156,0.0511402921028614801,0.0124387894512375773,0.00284943775431693901,0.0777022250063046233,-0.0385203508277248904,1.57859932311322049,0.100000000000000006,-0.0141082517461516583,1.00538381984734508e-05,-1.00538381984734508e-05,0.000580009218015842287,0,9973.46233646091423,491.392728985312601,0
3.9,39936.7191309817135,0.802701269075782542,777.0745780643133,2.13760836710782565,-0.142733253180134134,0.051338706972777523,0.0111167145650357957,0.00334176498743448498,0.0828099852886092919,-0.0373449895560261508,1.57900134159095962,0.100000000000000006,-0.014105925412042206,1.00521804036486318e-05,-1.00521804036486318e-05,0.00110881558960038433,0,9973.44803276767561,491.551613705180557,0
4,39930.8580623678863,0.802963174833983939,777.328122333380293,2.32768616417839302,-0.128679073315489584,0.0514334974425948929,0.00875105585550270057,0.00388865893675468524,0.0879321339878940261,-0.0363505266779536595,1.57944570884472046,0.100000000000000006,-0.0141036093599625958,1.00505299360154617e-05,-1.00505299360154617e-05,0.00165651863128437053,0,9973.43372442428517,491.712598364163171,0
4.1,39924.8228094466031,0.803223619697415403,777.580252347567352,2.49283667204430603,-0.115897993388460921,0.0514483424947391535,0.00548490572276584109,0.00447775689862636109,0.0930594365394487449,-0.0356361147501712203,1.57992662889151281,0.100000000000000006,-0.0141013073204446209,1.0048889454029695e-05,-1.0048889454029695e-05,0.00220646503675133105,0,9973.41941137233152,491.875578202805286,0
4.2,39918.6245552413166,0.803483386699546553,777.831726141558534,2.62960726802183853,-0.104731593667898581,0.0514076044689212933,0.00147810900266022753,0.00509543169083932941,0.0981850220723206046,-0.0352858565905965343,1.5804369143484911,0.100000000000000006,-0.0140990128211955865,1.00472543453988469e-05,-1.00472543453988469e-05,0.0027418946161692141,0,9973.40509355298855,492.040638460311243,0
4.3,39912.272547390312,0.803743483710581352,778.083519408732968,2.73564305608712477,-0.0954514144765868516,0.0513354513489433298,-0.00309555676935999863,0.00572745318151731114,0.103304410862980159,-0.0353671120519208626,1.58096837239289756,0.100000000000000006,-0.0140967173275266776,1.0045618528123391e-05,-1.0045618528123391e-05,0.00324676577646873564,0,9973.39077090381397,492.207959810037949,0
4.4,39905.7739382274449,0.804005097296336735,778.33678083312418,2.80969592963895298,-0.0882500369389485062,0.0512549896973305205,-0.00805478424035119961,0.00635964883496735293,0.108415464084129068,-0.0359293572036617909,1.58151224219091202,0.100000000000000006,-0.0140944106425879723,1.00439747357126887e-05,-1.00439747357126887e-05,0.00370650212057071354,0,9973.37644335609912,492.377806591183628,0
4.5,39899.1337003335357,0.804269543567090239,778.592784507446368,2.85159732217373429,-0.0832368872821598743,0.0511874962701864417,-0.0132171195300593465,0.00697852049471782074,0.113518259579580005,-0.0370036954631009288,1.58205965056676812,0.100000000000000006,-0.0140920813373809888,1.00423148236210112e-05,-1.00423148236210112e-05,0.00410862322337190999,0,9973.36211083259695,492.550513067403074,0
4.6,39892.3546157777309,0.804538217830729763,778.852881193595636,2.86219715833540089,-0.0804385934561031302,0.0511517816101919667,-0.0184050719348962145,0.0075717797766103349,0.118614900645615473,-0.0386030076781903944,1.58260205943079857,0.100000000000000006,-0.0140897171945215584,1.00406300854823351e-05,-1.00406300854823351e-05,0.00444322237625993741,0,9973.34777324565584,492.726468287343209,0
4.7,39885.4373348392546,0.804812544815527775,779.118450134590375,2.8432727639066866,-0.0798033819985062426,0.0511637056399548151,-0.0234517154496932979,0.00812877570830839238,0.123709266897346376,-0.0407227026808885118,1.58313168042014496,0.100000000000000006,-0.0140873056500241227,1.00389115679351657e-05,-1.00389115679351657e-05,0.00470327098078794116,0,9973.33343049581526,492.906100141841705,0
4.8,39878.3804978877306,0.805093931106860228,779.39085300977456,2.79741253514435062,-0.0812087619924692639,0.0512358524120516273,-0.02820558142025862,0.00864080059900166134,0.128806718068736087,-0.0433420070990360659,1.58364183585124918,0.100000000000000006,-0.0140848342183258288,1.0037150373503687e-05,-1.0037150373503687e-05,0.00488474624331781699,0,9973.31908247085448,493.089859205840526,0
4.9,39871.1809125691652,0.805383721259176011,779.671391447937594,2.7278799438061494,-0.0844716128978823949,0.0513773599908491155,-0.0325346866666359896,0.0091012719438014842,0.133913762995640617,-0.0464257145944473801,1.58412724994773346,0.100000000000000006,-0.0140822908872843405,1.00353379420815397e-05,-1.00353379420815397e-05,0.00498659386125576472,0,9973.30472904532508,493.278202919302089,0
5,39863.8337769657373,0.80568315881284891,779.961269288724907,2.63846392609357627,-0.0893597692420362855,0.0515938927744156312,-0.0363295933014632991,0.00950579816696107797,0.139037706988161369,-0.0499263011251454489,1.58458425981309325,0.100000000000000006,-0.0140796644718533814,1.00334663029684929e-05,-1.00334663029684929e-05,0.00501054901736987506,0,9973.29037008052364,493.471580611906973,0
5.1,39856.3153049536049,0.80599303975029668,780.261257102366585,2.616541949311876,-0.0954326357082418142,0.0518923954411342481,-0.00865162087458593715,0.00980933610937963392,0.144179519823373986,-0.052864310471005295,1.58514326834096564,-0.100000000000000006,-0.0672125986025300104,1.00315283720527731e-05,-1.00315283720527731e-05,0.00493338917223660762,0,9973.27600542337495,493.670568740623139,0
5.2,39848.5961112007499,0.806307394018095702,780.565575432763467,2.78567416882558705,-0.101048581022652809,0.0522569867668542729,0.0256639463799085768,0.00991434349858893137,0.149327303835597808,-0.0524895196155809526,1.58620065463487059,-0.100000000000000006,-0.0671993489725255799,1.00295508553063293e-05,-1.00295508553063293e-05,0.00462339795406517973,0,9973.26163491863008,493.873754420343289,0
5.3,39840.6890832260251,0.806616604211933486,780.864913916663454,3.13271719077237965,-0.104241658961508693,0.0526150291226481978,0.0577887663382411834,0.00988903106796107899,0.154488023623791271,-0.0488079814415373694,1.58777217313514396,-0.100000000000000006,-0.0671862363679082836,1.00275937896968326e-05,-1.00275937896968326e-05,0.00416538876206451643,0,9973.24725848031994,494.078022003814624,0
5.4,39832.6185597330332,0.806911533459581443,781.150427381639929,3.63461013110578302,-0.103603068280910371,0.05289291166762599,0.0868414052998636304,0.00980921269552517509,0.159667478501091115,-0.0420757210533590983,1.58984178544508969,-0.100000000000000006,-0.0671736510361891637,1.00257154199441806e-05,-1.00257154199441806e-05,0.00366718014568566657,0,9973.23287611346677,494.280241087625768,0
5.5,39824.4193841852248,0.807182530304094148,781.412772498957224,4.26471559674315781,-0.0983030304595772231,0.0530254421907163237,0.112074426592625967,0.00974510852316173501,0.164868509937987295,-0.0326314096084664163,1.59238353591241877,-0.100000000000000006,-0.0671619539030768042,1.00239696144683027e-05,-1.00239696144683027e-05,0.00322011547652787137,0,9973.21848791351476,494.476975204339908,0
5.6,39816.135933816433,0.807404646910076962,781.627797906944807,4.99300514095968051,-0.0880835138787742361,0.0529614786583345806,0.132947204066354407,0.00975798851537485259,0.170090561733858364,-0.0208802131309427236,1.59536200592202104,-0.100000000000000006,-0.0671521156823059462,1.00225012529877862e-05,-1.00225012529877862e-05,0.0028967440905769571,0,9973.20409412878689,494.659973772500393,0
5.7,39807.8204423114657,0.807565680139664011,781.783690059799824,5.78896682301741272,-0.0732223203576086862,0.0526666488615673903,0.149041563586783166,0.00989708113703878511,0.175329457626679369,-0.007274989156624714,1.59873322105725757,-0.100000000000000006,-0.0671447851077277003,1.0021407159493498e-05,-1.0021407159493498e-05,0.00274846255026523585,0,9973.18969522247426,494.824768603276709,0
5.8,39799.5298597402871,0.807651964181478887,781.867219434886351,6.62198510760417491,-0.054465363812445218,0.0521259263235140866,0.160112230561003599,0.0101973755200060121,0.180577361038003398,0.00769577700101562422,1.60244445389968493,-0.100000000000000006,-0.0671404118766536495,1.00207544516305541e-05,-1.00207544516305541e-05,0.00280481013824679382,0,9973.17529176739117,494.966374498997084,0
5.9,39791.3232939466834,0.807639620867455665,781.855270188129111,7.46255763866292998,-0.032929918367147655,0.051344578961496197,0.16615855259784168,0.0106777416850850695,0.185823038248891459,0.0235309180120442211,1.60643603565920068,-0.100000000000000006,-0.0671400868777291271,1.00207059453088226e-05,-1.00207059453088226e-05,0.00307346173036058016,0,9973.16088454882265,495.076646658566688,0
6,39783.2599863782525,0.807525406207943108,781.744701896077345,8.28278414190958934,-0.00998442067617470556,0.0503461903520333667,0.167259210173028139,0.0113406309999516744,0.19105239374341515,0.0397327468044405066,1.61064224685050328,-0.100000000000000006,-0.0671440049849440362,1.00212907256105568e-05,-1.00212907256105568e-05,0.00354108322682745611,0,9973.14647450084885,495.153748794711134,0
6.1,39775.3942244648933,0.807291232514975254,781.518004330411031,9.06176339687454124,0.0128954748443137826,0.0491706919861722297,0.163812859886063783,0.0121729417532459982,0.196249242425989484,0.0558239834364616661,1.61499281475091672,-0.100000000000000006,-0.0671528329720914169,1.00226083090008478e-05,-1.00226083090008478e-05,0.00417676260080618745,0,9973.1320626551169,495.191368253368694,0
6.2,39767.7724346034229,0.806937858584403256,781.175912061995518,9.77818918337306187,0.0342665002052962922,0.0478701441773730363,0.156228150551091099,0.0131479757534407153,0.201396468124824229,0.0713717010019913056,1.61941640799174036,-0.100000000000000006,-0.0671667545157700191,1.00246861093433196e-05,-1.00246861093433196e-05,0.00493523208659987344,0,9973.11765018319602,495.189069956762012,0
6.3,39760.4362375959754,0.806470285123709774,780.723266147904951,10.4139869888419287,0.0528215167945622135,0.0465042475388350238,0.145003272374317177,0.0142294256777725416,0.206477073041232806,0.0859854887681276714,1.62383984503779444,-0.100000000000000006,-0.0671854817694382128,1.00274811653359336e-05,-1.00274811653359336e-05,0.00576286853395181764,0,9973.1032382274534,495.14778681809031,0
6.4,39753.4176164269447,0.805886248356141532,780.157875083736485,10.9580238912786232,0.0674946219265852715,0.0451356474772851776,0.130855201169061325,0.0153746628180447299,0.211475521999376165,0.0993363205837175939,1.62819217021236518,-0.100000000000000006,-0.0672091721773616368,1.0031016975647846e-05,-1.0031016975647846e-05,0.00660290137508122779,0,9973.08882794716374,495.066363235766346,0
6.5,39746.7406864613295,0.805201891520000212,779.495366725798704,11.3987858606745487,0.0775178784200173943,0.0438258027283911639,0.114391113679182907,0.0165388787077158095,0.216379058426718562,0.111163121784970315,1.63240702152006723,-0.100000000000000006,-0.0672372431107250423,1.00352065825120319e-05,-1.00352065825120319e-05,0.00739986325101638434,0,9973.07442046265896,494.949394866363718,0
6.6,39740.4242269694805,0.804436108568331809,778.75403182702405,11.7283448553240142,0.0824379104466361479,0.0426309834944455235,0.0962474570623417375,0.0176791629223561168,0.221178633561909865,0.121266487047779412,1.63642286768800371,-0.100000000000000006,-0.0672689116260347109,1.00399331310525569e-05,-1.00399331310525569e-05,0.00810484427074257413,0,9973.06001674551408,494.802400137937809,0
6.7,39734.4813994392753,0.803608978599895996,777.953308449612905,11.9426663016188357,0.0821110911796160553,0.0415994699973413415,0.0770874255360085997,0.018757225401395336,0.225869818684766854,0.129511961713319412,1.64018566385089359,-0.100000000000000006,-0.0673033386229117681,1.00450713849382484e-05,-1.00450713849382484e-05,0.00867840854275655008,0,9973.04561760097204,494.63134450828295,0
6.8,39728.9196170605719,0.802740634366774453,777.112686596174854,12.0417715292322001,0.0766755292337194805,0.0407696899153964579,0.0575802430976179169,0.0197413456788311688,0.23045350717223162,0.135831308826399655,1.64365136108032184,-0.100000000000000006,-0.067339666074712784,1.00504932830794195e-05,-1.00504932830794195e-05,0.0090922607273474839,0,9973.03122365778836,494.442295038027964,0
6.9,39723.7400063984096,0.801850610961401422,776.251077690293982,12.0295569761232759,0.0665074944834666004,0.0401692849519208195,0.0383777594395150121,0.0206074522547528838,0.234936336431095294,0.140222507325434537,1.64678823747634695,-0.100000000000000006,-0.0673770867520234185,1.00560783459091262e-05,-1.00560783459091262e-05,0.00932976810247814967,0,9973.01683537245117,494.241227418454685,0
7,39718.9393220208585,0.800960755460686902,775.389631328620567,11.9115563733923526,0.0521612354775616779,0.0398150785205617572,0.0200290797353455188,0.0213395510971300141,0.239330582753995325,0.142743208798904508,1.64957758012823996,-0.100000000000000006,-0.0674146700153106376,1.00616876748120248e-05,-1.00616876748120248e-05,0.00938544499108455096,0,9973.00245301444374,494.034890749205317,0
7.1,39714.5097867846489,0.800087887982493862,774.544630637262685,11.6980259510433058,0.0343117807547994313,0.0397135441691299218,0.00308036546229641063,0.0219292889362978603,0.243653684286324501,0.143504486949247029,1.65201414634789923,-0.100000000000000006,-0.0674516727449523124,1.0067210358653472e-05,-1.0067210358653472e-05,0.0092638590504947136,0,9972.98807667370784,493.828558697247047,0
7.2,39710.4387191943824,0.799247673540747217,773.73124051573518,11.4011884407905164,0.0137038479226413608,0.0398620495352084714,-0.0120164869613462073,0.0223748863280224496,0.247927539558773502,0.14266722672270607,1.65410691045039271,-0.100000000000000006,-0.0674874226081839113,1.00725460512879073e-05,-1.00725460512879073e-05,0.00897741158650586582,0,9972.97370642821988,493.614023062409331,0
7.3,39706.709761749953,0.798453512094229434,772.96243312157435,11.0350709987991635,-0.00889545599930049481,0.0402501220343645383,-0.0249046454069558505,0.0226800561616544855,0.252177318095451852,0.140432004632978086,1.65587782496298197,-0.100000000000000006,-0.0675213376935866194,1.0077607902020233e-05,-1.0077607902020233e-05,0.00854435567606811816,0,9972.95934235396635,493.40814841278285,0
7.4,39703.3036036714911,0.797716665376962841,772.249110651588353,10.6149872606074602,-0.0327332295098677686,0.0408608818955464997,-0.0353256491020828151,0.0228527974918095976,0.25643010739166594,0.137029544039135837,1.65736032656847909,-0.100000000000000006,-0.0675529220849590689,1.00823218950030141e-05,-1.00823218950030141e-05,0.00798685540659824916,0,9972.94498411536733,493.21639671305519,0
7.5,39700.1987372748554,0.797045679010205843,771.599545903254352,10.1569482725831453,-0.0570964468459257829,0.0416724362095858628,-0.0431183680618962076,0.0229041089587765194,0.260713497584282028,0.132710995248542657,1.65859745224902722,-0.100000000000000006,-0.0675817922650523567,1.00866307900127845e-05,-1.00866307900127845e-05,0.00732906303743643527,0,9972.93063126365269,493.041834635068312,0
7.6,39697.3720021508634,0.796443137843338422,771.01624120317706,9.67804325771701457,-0.0813260945973376115,0.0426592081877232784,-0.0481879503218911875,0.0228469238112705732,0.265054242701611875,0.12773872798484609,1.65963981088374002,-0.100000000000000006,-0.0676077422459920169,1.00905038432120791e-05,-1.00905038432120791e-05,0.00659564043609290902,0,9972.91628327430954,492.885619177658384,0
7.7,39694.7961985655129,0.795900281537707532,770.490715891458876,9.1977623960434034,-0.104811746374342526,0.0437933280396779548,-0.0504410895652723651,0.0226950867260415183,0.269477347989479754,0.122384398808749545,1.66054534428415046,-0.100000000000000006,-0.0676311325977224237,1.00939948699227613e-05,-1.00939948699227613e-05,0.00581069159385625995,0,9972.9019396456606,492.74528501622774,0
7.8,39692.4422736726701,0.795416504941577673,770.022384136174765,8.73178448732299017,-0.126993507962875035,0.0450446136966636546,-0.0499988496520876805,0.0224630943667352076,0.274005069199453943,0.116919237617439248,1.66137687158151537,-0.100000000000000006,-0.0676520243928451642,1.00971129852742653e-05,-1.00971129852742653e-05,0.00499665344685469668,0,9972.88759991421102,492.621037063355686,0
7.9,39690.2822643108666,0.79498968339564513,769.609189108968508,8.29403539234730758,-0.147369181589179554,0.0463811204613807856,-0.0470734564221203661,0.0221661895802834318,0.278655863798778769,0.111597395840932895,1.66219755105322986,-0.100000000000000006,-0.0676704901260548886,1.00998690091515657e-05,-1.00998690091515657e-05,0.00417485490628762175,0,9972.87326361373562,492.512572703480146,0
8,39688.2900691851974,0.794615545903042175,769.246996166957615,7.89658827523617024,-0.165495247390957279,0.0477698481781614753,-0.0419358276155254103,0.0218201356717893924,0.283443951809535577,0.106648873048365372,1.66306878906185518,-0.100000000000000006,-0.0676866837207681926,1.01022859147345904e-05,-1.01022859147345904e-05,0.00336538649905067854,0,9972.85893029438921,492.418867843064675,0
8.1,39686.4408847130835,0.794280038710820868,768.922200231187958,7.55151299417985111,-0.180981888807446922,0.0491778784901825555,-0.0348345502367701024,0.0214409905227305984,0.288379264543008551,0.102276525819983102,1.66404919190812306,-0.100000000000000006,-0.0677011061477380133,1.01044384722662114e-05,-1.01044384722662114e-05,0.00258711028809705673,0,9972.84459956818682,492.335708792956552,0
8.2,39684.7109571993351,0.793974656309151983,768.626567335031837,7.26709743735206271,-0.193490133859601093,0.0505720552880213614,-0.0261134684691609713,0.0210450209918809639,0.293467686186738019,0.0986558759315723788,1.66519424445242303,-0.100000000000000006,-0.0677142163077106007,1.01063951730107367e-05,-1.01063951730107367e-05,0.00185728340869276642,0,9972.83027116408994,492.260666447575602,0
8.3,39683.0805308744311,0.793693160795018726,768.354058724046354,7.04834541851632768,-0.202745471974236646,0.0519193197700944381,-0.0161799375384360719,0.02064904728576002,0.298711015669244406,0.0959246746587911897,1.6665528290324203,-0.100000000000000006,-0.067726264398355801,1.01081933591491898e-05,-1.01081933591491898e-05,0.00119205639247325738,0,9972.8159448655515,492.191991681575985,0
8.4,39681.5343163050711,0.793428741028902151,768.098080708185648,6.89773175602473643,-0.208549133878453974,0.0531877963047197588,-0.00544535276569559253,0.0202702518711049794,0.304107276307928942,0.0941802064534491695,1.66816582215084241,-0.100000000000000006,-0.0677375336737809086,1.01098753065594953e-05,-1.01098753065594953e-05,0.000606596640125332668,0,9972.80162051001389,492.127687746044785,0
8.5,39680.0616133362055,0.79317427685193298,767.851740443670451,6.81533569948284068,-0.210788824060214625,0.0543477193790299143,0.00568721547571168513,0.0199258002096343936,0.309651155079658069,0.0934795507830261663,1.67006542904468325,-0.100000000000000006,-0.0677483226152659906,1.01114855637860008e-05,-1.01114855637860008e-05,0.000114723482134461552,0,9972.78729799512985,492.065594208028074,0
8.6,39678.6562689431012,0.792922591790452325,767.608090569813385,6.79903283099537603,-0.209449000600581137,0.0553723965600818879,0.0168337850097281666,0.0196323582181991106,0.315334461839449298,0.0938410001657089127,1.67227475658637004,-0.100000000000000006,-0.0677589341583778593,1.01130693441785363e-05,-1.01130693441785363e-05,-0.00027154175421502814,0,9972.77297728257145,492.003469445932808,0
8.7,39677.3164904974401,0.792666688364898731,767.360357005537139,6.84473400493480799,-0.204619313245648832,0.0562391665031913776,0.0276387021395661237,0.0194055134013813267,0.321146575149489022,0.0952464786254199058,1.67480760857246169,-0.100000000000000006,-0.0677696656063938307,1.01146710204636932e-05,-1.01146710204636932e-05,-0.000542502318400914512,0,9972.75865839945072,491.939069509032606,0
8.8,39676.0445313304663,0.792399960914944579,767.102144979947639,6.94666066626660594,-0.196499673366289235,0.0569302957516826594,0.0377824450878287629,0.0192591271885865188,0.327074856458797247,0.0976448118358186484,1.67766849281356012,-0.100000000000000006,-0.0677807994515951251,1.01163327548163153e-05,-1.01163327548163153e-05,-0.00069135305860753215,0,9972.74434143753206,491.87022145707158,0
8.9,39674.8462677001953,0.792116381657482216,766.827619150314831,7.09764678813887784,-0.185400523705795739,0.0574337484598006764,0.0469880539344920203,0.0192046637882231468,0.333105027605756998,0.100955706465497563,1.68085283388176432,-0.100000000000000006,-0.0677925952917093483,1.01180932923827576e-05,-1.01180932923827576e-05,-0.000714732796729670994,0,9972.73002655036544,491.794889526133829,0
9,39673.7306880988181,0.791810656483197928,766.531654424752446,7.28945837309858558,-0.171737203173428443,0.0577437610412299823,0.0550262109273546574,0.0192505536779097874,0.339221516982426807,0.105074299337121743,1.68434738842047693,-0.100000000000000006,-0.0678052829955244352,1.01199869412438884e-05,-1.01199869412438884e-05,-0.000613195344213740058,0,9972.71571394860803,491.711232697737955,0
9.1,39672.7258898764849,0.791480160110661468,766.21170933542146,7.43056471529826634,-0.156213082521427266,0.0578512013501495601,0.0312524214454900987,0.0194489050924617976,0.345373196749919564,0.109009864177990495,1.68781930307025085,0.100000000000000006,-0.0142039546076192583,1.01220380790567152e-05,-1.01220380790567152e-05,-0.00036090866625211154,0,9972.70140389301741,491.618010338960573,0
9.2,39671.8660626523197,0.791137801833183718,765.88028103915849,7.3945378869918672,-0.140923113222118063,0.0577659401938612135,0.00019562099862506399,0.0199071677311535508,0.351429847926034711,0.110106971806961204,1.69031908559552968,0.100000000000000006,-0.0142069712035213409,1.01241877690151462e-05,-1.01241877690151462e-05,0.000186233892111391735,0,9972.68709663412665,491.518933717200127,0
9.3,39671.1463033370674,0.790803169562367847,765.556332092434786,7.1898886778366462,-0.128305660814407474,0.0575756669261563436,-0.029429370641375692,0.0205462485438375961,0.357362109258978267,0.108304593861534404,1.69180933114939269,0.100000000000000006,-0.0142099531816917771,1.01263127896467847e-05,-1.01263127896467847e-05,0.00092649914573640418,0,9972.67279226685423,491.42042111491628,0
9.4,39670.5514836721122,0.790494377355959399,765.257398251479572,6.83501122149136719,-0.120117739978586574,0.0573700289612895584,-0.0567679251135167415,0.0212777460599830673,0.363166985684441557,0.103776864577707906,1.69233269955565646,0.100000000000000006,-0.0142127377689528506,1.01282971453469873e-05,-1.01282971453469873e-05,0.00173096519765212373,0,9972.65849070307013,491.328554677028137,0
9.5,39670.0569689758122,0.790227675433744281,764.999210938641681,6.35179633008305977,-0.11743141579605107,0.0572298985301588833,-0.0811165628672305822,0.0220210875741749593,0.368860304060239841,0.096773881584314686,1.69195720554700313,0.100000000000000006,-0.0142151778766623198,1.01300360176423831e-05,-1.01300360176423831e-05,0.00249116827380842839,0,9972.64419168275344,491.248944070583093,0
9.6,39669.6301319524646,0.790016045728210159,764.794337630887753,5.76459791312047454,-0.120696363793191278,0.0572230606987492729,-0.101934791805475197,0.0227078750035145278,0.374472941196858367,0.0876061844384975058,1.69077238895988913,0.100000000000000006,-0.0142171455713011249,1.0131438238404992e-05,-1.0131438238404992e-05,0.00312307651000340823,0,9972.62989478946838,491.186250209255149,0
9.7,39669.231784503907,0.789855627856195897,764.63904118996777,5.09960363406255812,-0.129833059525097022,0.0574024088338838528,-0.118782813919116784,0.0232840523742890021,0.380046269685905991,0.0766308483607097274,1.68888576716688976,0.100000000000000006,-0.0142186522124171811,1.0132511902688599e-05,-1.0132511902688599e-05,0.00356841000273731748,0,9972.61559952952121,491.13976467633023,0
9.8,39668.8177870772779,0.789750141017838247,764.536922078455063,4.38352037578236065,-0.144339655341175627,0.0578040142102356769,-0.131432653507847164,0.0237104111397356161,0.385627355994274112,0.0642387868458095396,1.68641952766160319,0.100000000000000006,-0.0142196847853012908,1.01332477359365295e-05,-1.01332477359365295e-05,0.00379264331168203874,0,9972.60130541859326,491.111305089165342,0
9.9,39668.3410359583795,0.789702181958563898,764.490494139213297,3.64229884344204002,-0.163404840244743887,0.0584473749864527561,-0.139837034836366225,0.0239623095097231086,0.391264034872371491,0.0508335639616100537,1.68350366025944376,0.100000000000000006,-0.0142202010967623221,1.01336156703895438e-05,-1.01336156703895438e-05,0.00378268923490954418,0,9972.58701190554166,491.10236628244229,0
10,39667.7539990469813,0.789696669872557711,764.48515802966358,2.89968883043221792,-0.18601345484624654,0.0593377244418651847,-0.144026410038466307,0.0240280050864141899,0.39700101260215015,0.0368186142784957954,1.68027226136138297,0.100000000000000006,-0.0142203212168384441,1.01337012704930467e-05,-1.01337012704930467e-05,0.00354372801622286843,0,9972.57271846795447,491.108717940391557,0
10.1,39667.0102433152497,0.789732319190524668,764.51966922303609,2.1786903355838243,-0.211030383430776985,0.0604658195969590764,-0.144203803364103433,0.0239066463839556105,0.402876886695731906,0.0225869438550051968,1.6768606886980415,0.100000000000000006,-0.0142200796795950626,1.01335291459514982e-05,-1.01335291459514982e-05,0.00309412860513053577,0,9972.55842466702961,491.130586960548101,0
10.2,39666.0649801380932,0.789803999274875101,764.589060880241732,1.49991227770186142,-0.237265807932395295,0.061810274513816911,-0.140673534031210273,0.0236065898218943172,0.408921925262493824,0.00850557443005203404,1.67340028529918805,0.100000000000000006,-0.0142194959625961039,1.0133113176888369e-05,-1.0133113176888369e-05,0.00246235542294913562,0,9972.5441300486109,491.166930848772836,0
10.3,39664.8762888349593,0.789896720875697622,764.678822291631491,0.88124419770998752,-0.263525043927232694,0.0633403527644041259,-0.133770426657107172,0.0231433651052963402,0.415157108970614086,-0.00508944177192951954,1.67001720648952467,0.100000000000000006,-0.0142187141985071624,1.01325560752856333e-05,-1.01325560752856333e-05,0.0016839335635358524,0,9972.52983425341154,491.213471197872593,0
10.4,39663.406181961298,0.790010683367436184,764.789146466507759,0.337500124378041666,-0.288645017702800932,0.0650151403088131824,-0.123969819000664561,0.0225383690849859965,0.421593841567781791,-0.017901208364620811,1.66682948739089642,0.100000000000000006,-0.0142177455484911747,1.01318657948237503e-05,-1.01318657948237503e-05,0.000798083750270318633,0,9972.51553697949748,491.270799225327494,0
10.5,39661.6214713715017,0.790145701341013917,764.919853915082967,-0.120018743392657168,-0.311524722789893571,0.0667863139422868596,-0.111794487243087229,0.0218178932098648769,0.428234317564537836,-0.0296816228712942672,1.66394295867101283,0.100000000000000006,-0.0142165879906404769,1.01310408946486125e-05,-1.01310408946486125e-05,-0.000153416831934288192,0,9972.50123790650832,491.339314849865616,0
10.6,39659.4944340214133,0.790292508625477952,765.061974294141351,-0.483470007172613514,-0.33114970486566625,0.0686011161005209008,-0.0977489436103314013,0.0210120084327576825,0.435072529503448213,-0.0402332478359589754,1.66145004152880249,0.100000000000000006,-0.014215306640680974,1.01301277776019178e-05,-1.01301277776019178e-05,-0.00112762718365927591,0,9972.4869367328447,491.416398312963736,0
10.7,39657.003262732178,0.790450091811759625,765.214526548270442,-0.748256236893924065,-0.346613225524498358,0.0704023975018742698,-0.0823761315463130001,0.0201536803767926737,0.442095542987539558,-0.0494083509575242302,1.65942940240742964,0.100000000000000006,-0.0142139357147827647,1.01291508268492171e-05,-1.01291508268492171e-05,-0.00208208810026220019,0,9972.47263321861283,491.502023388133637,0
10.8,39654.1322804875672,0.790620663864602169,765.379652992065417,-0.913117128516093945,-0.357140379330690205,0.072130576255589024,-0.0662351048506081147,0.0192782462401208388,0.449284817053157925,-0.0571126519185381973,1.65794305210533355,0.100000000000000006,-0.0142124538200612983,1.01280947973691041e-05,-1.01280947973691041e-05,-0.00297547216679040294,0,9972.45832710394643,491.597124830466441,0
10.9,39650.8719624318182,0.790806171183865869,765.559237885472498,-0.979937769631511246,-0.362115229951780193,0.0737264363824522567,-0.0498626338901394725,0.0184225664563598679,0.456617578319341522,-0.0633044549965368214,1.65703520981771923,0.100000000000000006,-0.0142108432652261994,1.01269470819743695e-05,-1.01269470819743695e-05,-0.00376828778632241294,0,9972.44401810373893,491.702465671451421,0
11,39647.2187649235129,0.791008253084825808,765.754868207701406,-0.953443562338236461,-0.361108962093405317,0.075133476890218473,-0.0337618971199155973,0.017623978895104947,0.464068079446735116,-0.0679917049080003971,1.65673192870358021,0.100000000000000006,-0.0142090890081244051,1.01256969613090092e-05,-1.01256969613090092e-05,-0.0044239703948806483,0,9972.42970591278754,491.818626447870258,0
11.1,39643.1747817285359,0.791228213827549154,765.967806579580724,-0.840850273078720845,-0.353906978447324327,0.076300325867965299,-0.0183929971288137976,0.0169190557893833388,0.471608672179458011,-0.0712280260604678112,1.65704110658101844,0.100000000000000006,-0.0142071789248046313,1.01243357955892496e-05,-1.01243357955892496e-05,-0.00491010324690525392,0,9972.41539021115932,491.946000896203429,0
11.2,39638.7472516521811,0.791467006918991078,766.198976066817977,-0.651480774375772897,-0.34053174601995484,0.0771831165074779862,-0.00416497966426266665,0.0163421635859082419,0.479210681051903953,-0.0731079174727583686,1.65795289117275857,0.100000000000000006,-0.0142051039694887551,1.01228571386025287e-05,-1.01228571386025287e-05,-0.00519976959807873316,0,9972.40107066962992,492.084797686716456,0
11.3,39633.9479439966381,0.791725231110342542,766.448956305134402,-0.396358045534667747,-0.321257601046892216,0.0777476848763131723,0.00857086540507927958,0.0159238797567168577,0.486845097068143662,-0.0737612490867858711,1.65944048386323373,0.100000000000000006,-0.0142028582300546737,1.01212567772457524e-05,-1.01212567772457524e-05,-0.00527296756558242978,0,9972.38674695499503,492.235047644695157,0
11.4,39628.7924491539598,0.792003137264334356,766.717990148326521,-0.0877827241620708909,-0.296613799257085697,0.0779714264627877629,0.0195265196933077818,0.0156893699228715412,0.49448313340859501,-0.0733471900644779018,1.66146133810117447,0.100000000000000006,-0.0142004388859173179,1.01195327015104282e-05,-1.01195327015104282e-05,-0.00511796284708483651,0,9972.37241873511448,492.396615812939501,0
11.5,39623.2994065880775,0.792297831288907295,767.003275899857385,0.261105063501012979,-0.267372741186009288,0.0778449048106112512,0.0284929170776502087,0.0156568483202963946,0.502096694969515811,-0.072047576796603674,1.66395880598664636,0.100000000000000006,-0.0141978584913856933,1.01176938578623301e-05,-1.01176938578623301e-05,-0.00473239849462627361,0,9972.35808568706125,492.568305508521746,0
11.6,39617.4897381737828,0.792600520225173688,767.296301321014084,0.636909425330107193,-0.234520255753955298,0.0773728578926485,0.0353622561317714773,0.0158361371772917404,0.509658787209027686,-0.0700577189574551201,1.66686539930167199,0.100000000000000006,-0.0141951982908149893,1.01157981427450655e-05,-1.01157981427450655e-05,-0.00412410609287743122,0,9972.3437475578412,492.746976423475871,0
11.7,39611.3858156055212,0.79290968880456858,767.595599519035659,1.02637923660814279,-0.199209660028491303,0.0765724724635077764,0.0400604820190095315,0.0162279647694384445,0.517143970339585257,-0.0675796354268945881,1.67010501987382476,0.100000000000000006,-0.0141924786652640935,1.01138600801317025e-05,-1.01138600801317025e-05,-0.0033114772015198214,0,9972.32940415484154,492.931827298561871,0
11.8,39605.010637499392,0.793224200412647629,767.900070166535443,1.41665540530136602,-0.162705056924397601,0.0754733652034468433,0.042578103897827374,0.0168238666574994193,0.524528880488029259,-0.0648174960870391004,1.67359425128295891,0.100000000000000006,-0.014189709986537612,1.01118870611892823e-05,-1.01118870611892823e-05,-0.00232251948394673674,0,9972.31505530633513,493.122170945425864,0
11.9,39598.3870636634529,0.793543122208111629,768.208810203699045,1.79562462627487696,-0.126316051756254238,0.0741161590305140089,0.0429717987692494197,0.0176065025133698774,0.531792766831416186,-0.0619712844903778717,1.67724494641164967,0.100000000000000006,-0.0141869008673161049,1.01098852234958927e-05,-1.01098852234958927e-05,-0.00119363768470622704,0,9972.30070085983971,493.31738816657969,0
12,39591.5371055416763,0.793864876767772731,768.520292567464026,2.15224436793407792,-0.0913285070171475227,0.0725503860879748719,0.0413636694786015668,0.0185505628244163716,0.538918056033063197,-0.0592307619598032575,1.68096703059465447,0.100000000000000006,-0.0141840590525488669,1.01078600862660002e-05,-1.01078600862660002e-05,3.21744178030525924e-05,0,9972.286340680188,493.516662631184545,0
12.1,39584.4813342690468,0.794180671878251587,768.826005740825167,2.47691949716165327,-0.0589360599301061924,0.0708321142290670863,0.0379685314931361637,0.0196240985389297996,0.545890878934000012,-0.0567685736348629844,1.68467225719489599,0.100000000000000006,-0.0141812574334249358,1.0105863593300565e-05,-1.0105863593300565e-05,0.00130772592059979391,0,9972.27197468434315,493.716859756873191,0
12.2,39577.2383411675692,0.794489767182497419,769.125233003048152,2.76180904147786288,-0.030178091201897822,0.0690204651439433325,0.0330157924166076602,0.0207903718422246739,0.552701560029691397,-0.0547343488823983856,1.68827784710490625,0.100000000000000006,-0.0141785168456667748,1.01039105925755278e-05,-1.01039105925755278e-05,0.00258385638740935225,0,9972.25760285713477,493.917482199549795,0
12.3,39569.8242505863309,0.7947934777017025,769.419247392531702,3.00078746979887789,-0.00589275990285397736,0.0671749992368544935,0.0267594610981367331,0.0220102813447427166,0.559345103340498473,-0.0532539797522471742,1.69170742620228243,0.100000000000000006,-0.0141758264206185234,1.01019933388571416e-05,-1.01019933388571416e-05,0.00381262629969961967,0,9972.24322518422196,494.118732940389066,0
12.4,39562.2523871846497,0.795093497190190401,769.709688589536654,3.18952045895496994,0.0133134720090739463,0.0653531557927416185,0.0194810433350144536,0.0232445458158385028,0.565821448447310082,-0.0524273675481569598,1.69489320957780887,0.100000000000000006,-0.0141731718177399348,1.01001016127735168e-05,-1.01001016127735168e-05,0.00495000257089494525,0,9972.22884164342577,494.320976461613043,0
12.5,39554.5330551825464,0.795391821299844981,769.998488533634372,3.32550309191979965,0.0270797460286610024,0.0636079134520914496,0.0114788705313428677,0.0244557210417525282,0.572135518649584118,-0.0523268377832292048,1.69777806824731603,0.100000000000000006,-0.0141705358899141976,1.00982231949270219e-05,-1.00982231949270219e-05,0.0059580088795248131,0,9972.21445220027817,494.524716890891682,0
12.6,39546.67342652753,0.795690665115098672,770.287791591436644,3.40803608999418461,0.0352885627224849216,0.0619859056873865027,0.00305712992860775277,0.0256099349266579422,0.578297042702154984,-0.052996597077957508,1.7003171664270551,0.100000000000000006,-0.0141678994039784109,1.00963443793595167e-05,-1.00963443793595167e-05,0.00680635350328384625,0,9972.20005680424947,494.730572816833785,0
12.7,39538.677534557879,0.795992378244871457,770.579872359272713,3.43814274904138095,0.0380492805710641244,0.0605260605082686351,-0.00548489958250572649,0.0266782314566254355,0.584320140502865626,-0.0544531990251125725,1.70247909313335333,0.100000000000000006,-0.0141652417884690698,1.0094450506411583e-05,-1.0094450506411583e-05,0.00747344023072485895,0,9972.18565538571784,494.939249855611649,0
12.8,39530.5463663078845,0.796299360614426743,770.87705414343759,3.41843181456211642,0.0356703422939761983,0.0592587805683519042,-0.013862918677443643,0.0276374646041986777,0.590222684475133708,-0.0566869417288835414,1.70424644188972296,0.100000000000000006,-0.0141625418806421311,1.00925264950648027e-05,-1.00925264950648027e-05,0.00794673779410072674,0,9972.17124785378837,495.15151208198381,0
12.9,39522.2780439481139,0.796613981907748236,771.181630974416521,3.35291380705495046,0.0286238186136006899,0.0582056336202399771,-0.0218165526801213684,0.028470734275405564,0.596025469651063178,-0.0596640823065928277,1.70561582647024124,0.100000000000000006,-0.0141597786462728491,1.00905573558863226e-05,-1.00905573558863226e-05,0.00822254862358576602,0,9972.15683409490885,495.368153412139407,0
13,39513.8680832274258,0.796938507287874409,771.495795698639654,3.24678012297901875,0.0175059791991966952,0.0573794882717163987,-0.0291168223373438236,0.0291674010148692889,0.601751243709900963,-0.0633297252501389824,1.70659735483698505,0.100000000000000006,-0.0141569318483804798,1.00885286675762018e-05,-1.00885286675762018e-05,0.00830527038512755833,0,9972.14241397232763,495.589969957299786,0
13.1,39505.3024065233767,0.797274800135197359,771.821352207028326,3.14796349331884295,0.003093945335728526,0.0567929076855907267,-0.0201297001392706162,0.0296991888527191814,0.607406179470436625,-0.06722788446626142,1.7074795227739783,0,-0.040867206201500493,1.00864273600677506e-05,-1.00864273600677506e-05,0.00819110332078317079,0,9972.12798732588271,495.817760656813903,0
13.2,39496.5631774663925,0.797621231259039276,772.156723321736763,3.12271982984507401,-0.0131396857313406529,0.0564500778441153067,-0.00717088357472572564,0.0300145009770602864,0.61296036832249079,-0.0701583968487645426,1.70907599893761564,0,-0.0408584175430384763,1.00842582329507058e-05,-1.00842582329507058e-05,0.00782217144539082768,0,9972.11355398077285,496.051245027632717,0
13.3,39487.6488714106381,0.797974276934512949,772.498497814783263,3.16936346725941354,-0.0295621624520750331,0.0563033386100275854,0.00543172767972732815,0.0301566730082537919,0.618431577770884977,-0.0720627521110811381,1.71142018495836079,0,-0.0408494423870779666,1.00820430764216642e-05,-1.00820430764216642e-05,0.00726418894412736264,0,9972.09911378428114,496.289302613659743,0
13.4,39478.5617270097136,0.798330504026436683,772.843352155764251,3.28147567072745661,-0.0448762347140949647,0.0562996797866665705,0.0173070102959842036,0.0301740488955319387,0.623839033559742129,-0.0729814248475884053,1.71448136902602255,0,-0.0408403689022866501,1.00798036513726643e-05,-1.00798036513726643e-05,0.00659503654306839351,0,9972.08466661658895,496.530790256679552,0
13.5,39469.3076213821769,0.798686665103599758,773.188142589542963,3.45097583516892881,-0.0581204337214051847,0.0563869936937518232,0.0281294440295620542,0.030112468692173093,0.629200053662178793,-0.0729856208917191857,1.71821095193284323,0,-0.0408312810389020106,1.00775606775457902e-05,-1.00775606775457902e-05,0.0058824442433010448,0,9972.07021239112873,496.774574630956465,0
13.6,39459.8955907449126,0.799039792334112486,773.529996033937891,3.66847602503423831,-0.0686530434165839726,0.0565169172007464679,0.0376254364546743589,0.0300136940156221221,0.634529623151681377,-0.0721728811679794718,1.72254450005102311,0,-0.040822256070370197,1.00753332267855349e-05,-1.00753332267855349e-05,0.00518292199428293382,0,9972.05575105384924,497.019569294619373,0
13.7,39450.3372811414301,0.799387277631126936,773.866387666745368,3.92365037092158486,-0.0761289626492546584,0.0566470402682438395,0.0455783018470466983,0.0299142207173231298,0.63984003104092535,-0.0706621867406595772,1.72740415327505636,0,-0.0408133624760196809,1.00731382004618844e-05,-1.00731382004618844e-05,0.00454130099542790402,0,9972.04128258146739,497.264768250090697,0
13.8,39440.6463870629668,0.799724702878389593,774.193040422566696,4.20547788623844454,-0.0804704138507079669,0.056742577939843275,0.0518390294679393765,0.0298443974255200063,0.64514060889370306,-0.0685886346077403813,1.73270137920859768,0,-0.0408046861494975044,1.0070996797969463e-05,-1.0070996797969463e-05,0.00399075879076779549,0,9972.02680698143922,497.508550906358721,0
13.9,39430.8384351246059,0.800043413287445326,774.501575821952429,4.5025827154847633,-0.0818319987399150212,0.0567775727422819565,0.0563431101717377925,0.0298277222030922939,0.65043756855889534,-0.0660965148851116874,1.73834099896434324,0,-0.0407964594537153918,1.00689663687541537e-05,-1.00689663687541537e-05,0.00355323270106575181,0,9972.01232433466248,497.747251962195719,0
14,39420.9299507290125,0.800341496914889983,774.790142961370407,4.80427647941450342,-0.0805580761764152081,0.0567349558664450304,0.059064789356759996,0.0298805576989159619,0.655734101778849388,-0.0633337072148673769,1.7442243445696195,0,-0.040788751287248258,1.00670639176600716e-05,-1.00670639176600716e-05,0.00323959328724461766,0,9971.99783485271473,497.976906008012634,0
14.1,39410.9376036971807,0.800618169381621003,775.057982503463791,5.10042057780778091,-0.0771371624332643363,0.0566065341130536845,0.0600340270074439589,0.0300122899696420448,0.661030722149290151,-0.0604476450020455872,1.75025137102463546,0,-0.040781587251678901,1.00652957634089856e-05,-1.00652957634089856e-05,0.00305102874173189065,0,9971.98333874881791,498.201165110896,0
14.2,39400.8776164501905,0.800873553750365175,775.305213582112287,5.38169930218176251,-0.0721552237660239154,0.0563924628896018687,0.0593353847600149586,0.0302256552588630288,0.66632573392062211,-0.0575804574831084159,1.75632356404836232,0,-0.0407749682416084502,1.00636621267972248e-05,-1.00636621267972248e-05,0.00298037050198633052,0,9971.96883618280845,498.419837661464271,0
14.3,39390.7652291432023,0.801108536674118854,775.532694543414891,5.6398734977140883,-0.0662486717884692017,0.0561003024820014157,0.0571035218298499014,0.0305173297841732673,0.671615847439912872,-0.054864453487929718,1.76234680654686215,0,-0.0407688754146765114,1.00621583573454179e-05,-1.00621583573454179e-05,0.00301356203547687622,0,9971.95432731717301,498.63298163460189,0
14.4,39380.6142342612147,0.801324694506053148,775.741951414578239,5.86798966353763074,-0.0600594145985588676,0.0557437458024719404,0.0535164962926210838,0.0308787923831786888,0.676896892993835264,-0.0524181593016009584,1.76823407044092673,0,-0.0407632719161734464,1.00607753589497171e-05,-1.00607753589497171e-05,0.00313132414743468685,0,9971.93981230994541,498.840888552094953,0
14.5,39370.4365919046104,0.801523954449342657,775.93484987172792,6.06054195810718532,-0.0541943556624880918,0.0553411290995357852,0.0487885410097819092,0.0312973932079158579,0.682164569048303027,-0.0503430596172114303,1.77390783147608611,0,-0.0407581052026534663,1.00595001633723005e-05,-1.00595001633723005e-05,0.00331092350677149143,0,9971.92529130816547,499.043984296971303,0
14.6,39360.2421155907214,0.801704876681783585,776.109996059796572,6.21368785126516876,-0.0491906641842987311,0.0549139171706592086,0.0431789060030617136,0.0317575147295266202,0.687415136090116174,-0.0487205695404635541,1.77930258947638897,0,-0.040753399629537071,1.00583387817698486e-05,-1.00583387817698486e-05,0.00352805469717602663,0,9971.91076445724138,499.241682784674879,0
14.7,39350.0382695347071,0.801870509732293235,776.270341181695358,6.32517156138619452,-0.0454889460499567147,0.0544849370903359859,0.0369446098952807694,0.0322417990929393036,0.69264601241930146,-0.047609756945092549,1.78436705976850307,0,-0.0407491076748824829,1.00572794852609864e-05,-1.00572794852609864e-05,0.00375821850839416815,0,9971.89623190849306,499.434819762113591,0
14.8,39339.8300980404019,0.802025464377413844,776.420348812323482,6.39424191978001133,-0.0434172365692516923,0.0540768299095742352,0.030338065766905141,0.0327325196509140257,0.697856282085391855,-0.0470483316349705541,1.78906392122631042,0,-0.0407451118674656484,1.00562932807953334e-05,-1.00562932807953334e-05,0.00397842271085726857,0,9971.88169377914346,499.624749413672816,0
14.9,39329.620213303715,0.802174461529413074,776.564589146160074,6.42158842178058009,-0.0431839626678484773,0.0537107855304136614,0.0236079053550472193,0.0332126707895627621,0.703046946712055476,-0.047053112381260781,1.79337013744377094,0,-0.0407412920564652406,1.00553505139716152e-05,-1.00553505139716152e-05,0.0041685216633309775,0,9971.86715014606671,499.81289534636727,0
15,39319.4088628515601,0.802322169023112708,776.707580994766204,6.40922494888952965,-0.0448788210272622196,0.0534054852591526394,0.0169903761547394623,0.0336668503218600229,0.708220963923141156,-0.0476209673481002571,1.79727699128041385,0,-0.0407375286340593903,1.00544216644061545e-05,-1.00544216644061545e-05,0.00431206369007279978,0,9971.85260104437839,500.000699153306982,0
15.1,39309.1940703988075,0.802473051203877574,776.853646176761345,6.36033386071642948,-0.0484804082748438794,0.0531763065644904956,0.0107017450005272557,0.0340819308211626898,0.713383092430596055,-0.0487304185640132989,1.80078961780245872,0,-0.0407337064459324869,1.00534783108842997e-05,-1.00534783108842997e-05,0.00439680900705293528,0,9971.83804646748285,500.189571838638301,0
15.2,39298.971839748323,0.802631235885314265,777.00678072297319,6.2790788166784175,-0.0538690568751192186,0.0530347967283230082,0.00493198886953640121,0.0344475070186862631,0.718539571611826355,-0.0503437962748793585,1.80392607334716626,0,-0.0407297182801962601,1.00524939924603778e-05,-1.00524939924603778e-05,0.00441492728676095431,0,9971.82348636849565,500.380849673980947,0
15.3,39288.736409984529,0.802800402215655518,777.170546322751079,6.17039558177928349,-0.0608432001337995479,0.0529884025647480647,-0.000160037570167583854,0.034756126915175288,0.723697677856375954,-0.0524098135195246798,1.80671599993322074,0,-0.0407254678390170655,1.00514449418844509e-05,-1.00514449418844509e-05,0.00436290998121581942,0,9971.80892066287197,500.575755758858804,0
15.4,39278.4805491119623,0.802983691886502537,777.34798436741869,6.0397704068058955,-0.0691376427187597314,0.0530404290145228968,-0.00444986447361468262,0.0350033303786566885,0.728865208438728485,-0.0548664242380958872,1.80919896064955887,0,-0.0407208721251996683,1.00503106746346103e-05,-1.00503106746346103e-05,0.00424124978211804816,0,9971.7943492320901,500.775368231648372,0
15.5,39268.1958714462817,0.803182472376736678,777.540418678322339,5.89304272037975352,-0.0784421967171405193,0.0531902207141485214,-0.00784414455061742746,0.0351875261374106282,0.734049943865569321,-0.0576437862862760192,1.81142257051913114,0,-0.0407158778071658525,1.004907802795422e-05,-1.004907802795422e-05,0.0040539728162672789,0,9971.77977192951948,500.980231887936839,0
15.6,39257.8731491193175,0.803394933376678999,777.746096740941312,5.73628098619094562,-0.0884186207886703962,0.0534335665536774737,-0.0102715534710469906,0.0353096914013303412,0.739259101378986982,-0.0606663816915863074,1.81344125736633055,0,-0.040710532163705869,1.00477586707124724e-05,-1.00477586707124724e-05,0.00380809254637470103,0,9971.76518860893339,501.1899174788457,0
15.7,39247.5026603490114,0.803621945572346785,777.965861444150391,5.57544756041757328,-0.0987167164856113527,0.0537628932575224677,-0.0117138601246499548,0.0353730976787310983,0.744498896333238624,-0.0638560095655477389,1.81531410331396814,0,-0.0407048195526291817,1.00463487422633085e-05,-1.00463487422633085e-05,0.0035126816419355565,0,9971.75059912547113,501.404834536090334,0
15.8,39237.074532199651,0.803864020503744836,778.200207996751033,5.41620163507701946,-0.108989601591221494,0.0541677562935332299,-0.0121892900616722474,0.0353830409919795863,0.74977423713482505,-0.0671354914667472713,1.81710187610311413,0,-0.0406987245379777304,1.00448444328608677e-05,-1.00448444328608677e-05,0.00317848157182199029,0,9971.73600332303431,501.625283607875588,0
15.9,39226.5790502615273,0.804121213895289233,778.449190344125896,5.26372937272746189,-0.118906780759128985,0.0546353958162697217,-0.0117472425987070108,0.0353464565994415364,0.75508850111085235,-0.0704312945086993242,1.81886486656370261,0,-0.0406922434298714955,1.00432448318065655e-05,-1.00432448318065655e-05,0.00281730204474848816,0,9971.72140103845959,501.851421778996098,0
16,39216.0069377794862,0.80439315802986544,778.712452508736874,5.12260428476982366,-0.128164968217064495,0.0551513159833920338,-0.0104640600059894961,0.0352715279255310168,0.760443429667513882,-0.0736757652152049691,1.82066091992909929,0,-0.0406853835261568875,1.00415517402804835e-05,-1.00415517402804835e-05,0.00244143863645142345,0,9971.70679210562594,502.083268656366272,0
16.1,39205.3495973497629,0.804679105907143866,778.989271338661524,4.99667984565695544,-0.136496773985554931,0.0556998746894597913,-0.00843827290644594795,0.0351673076454628794,0.765839136069281889,-0.0768089631659747835,1.8225436842751439,0,-0.0406781620417680859,1.00397694070972365e-05,-1.00397694070972365e-05,0.0020631578594524809,0,9971.69217635936002,502.320716545775156,0
16.2,39194.599309951067,0.804977984775806621,779.278608330772954,4.8890150760194544,-0.143677426960002491,0.0562648681624301414,-0.00578554804466893322,0.0350433585648751919,0.771274209112640885,-0.0797800701888526226,1.82456111611561878,0,-0.0406706047865402071,1.00379042023773031e-05,-1.00379042023773031e-05,0.00169425421732743325,0,9971.67755363897231,502.563544150289431,0
16.3,39183.7493880130351,0.805288456546886078,779.579168115349148,4.80183258331693885,-0.149529721937040283,0.0568300979128354075,-0.00263353939971032718,0.0349094172747989734,0.776745890675558326,-0.0825483685495787267,1.82675427091063547,0,-0.040662744654802907,1.00359642447639073e-05,-1.00359642447639073e-05,0.00134567726490088767,0,9971.66292379138758,502.81143306724033,0
16.4,39172.7942811101675,0.805608982599904544,779.889461193239413,4.73650751478936094,-0.15392734768820826,0.0573799092414946227,0.000883185251459867341,0.0347750808802610792,0.782250303077148823,-0.0850837967585170024,1.8291563950073817,0,-0.0406546199903822306,1.00339589978894331e-05,-1.00339589978894331e-05,0.00102722313869282357,0,9971.64828667376423,503.063986334915569,0
16.5,39161.7296345345676,0.80593789057020071,780.207868590968019,4.69358505638432266,-0.156796699534144129,0.0578996911024147742,0.00462799937686019999,0.0346495162940403598,0.787782702960902248,-0.0873671041343472288,1.83179232542533454,0,-0.0406462728890221378,1.00318988513964095e-05,-1.00318988513964095e-05,0.000747284101115762,0,9971.6336421555352,503.320748279660506,0
16.6,39150.5523024387658,0.806273440841337452,780.532706230334384,4.67282348888204169,-0.158117222218810277,0.0583763269627327053,0.00846673846736657916,0.0345411923014865771,0.793337741348847714,-0.089389635243340218,1.83467819487963557,0,-0.0406377474970568212,1.00297947010331497e-05,-1.00297947010331497e-05,0.00051265072959424127,0,9971.61899011989408,503.581224935048795,0
16.7,39139.2603188343346,0.806613890649317877,780.862286986065669,4.67325936470056735,-0.157920284057626564,0.0587985858781653742,0.0122717943244331131,0.0344576363210338174,0.79890971381192355,-0.0911527830260374233,1.83782143140939525,0,-0.0406290883607237155,1.00276575412480119e-05,-1.00276575412480119e-05,0.000328363694072018907,0,9971.60433046466824,503.844904338143181,0
16.8,39127.8528306484222,0.806957553926224369,781.194978618914092,4.69329106813214025,-0.156286563536210454,0.059157442804759694,0.015925710487895723,0.0344052199179131837,0.804492789568822975,-0.092667155157247133,1.84122103484156829,0,-0.0406203388750529179,1.00254980823600885e-05,-1.00254980823600885e-05,0.000197614786931459403,0,9971.58966310260803,504.111276062452987,0
16.9,39116.3299980647862,0.80730285526251766,781.52925601517893,4.73077684151383959,-0.153341941264510617,0.0594463176316545258,0.0193242229053304584,0.0343889790945581669,0.810081213057487037,-0.0939515022836975439,1.84486810600372553,0,-0.040611539874996383,1.00233264028360733e-05,-1.00233264028360733e-05,0.000121699255140994474,0,9971.57498796113578,504.379849409785209,0
17,39104.6928681209683,0.807648376643589683,781.863746431168806,4.78314327823785312,-0.149251933894158195,0.0596612238586214441,0.0223787039554588542,0.0344124766799770998,0.815669475572983305,-0.0950314595110164084,1.848746599070207,0,-0.0406027284045291301,1.00211516454923698e-05,-1.00211516454923698e-05,0.000100022947919995074,0,9971.56030498156724,504.650169757384276,0
17.1,39092.9432277940214,0.807992895911925246,782.19726672743684,4.84750028523921728,-0.144214777074049921,0.0598008204017941303,0.025017980655570371,0.034477714409485237,0.821252457579876083,-0.0959381540410064459,1.85283426269866625,0,-0.04059393669200171,1.00189817646020266e-05,-1.00189817646020266e-05,0.000130167958506323942,0,9971.54561411789473,504.921832643824814,0
17.2,39081.0834432542324,0.808335416216111158,782.528851877613761,4.92075859418017991,-0.13845335193537997,0.0598663636467365798,0.0271895104581786791,0.0345851013400968327,0.826825544137307356,-0.0967067322648341859,1.85710373173880394,0,-0.0405851913521824009,1.00168233289509168e-05,-1.00168233289509168e-05,0.000208019172494298781,0,9971.53091533519182,505.194495266134027,0
17.3,39069.1162916831672,0.808675186025844095,782.857774344425366,4.99974604931678712,-0.13220624116085708,0.0598615613505069089,0.0288599113963111144,0.0347334830943843223,0.832384716560421123,-0.097374858886637175,1.86152372835330793,0,-0.0405765128273493439,1.0014681383893806e-05,-1.0014681383893806e-05,0.000327951547153073058,0,9971.51620860770345,505.467885162550317,0
17.4,39057.0447920300066,0.809011709611112018,783.183554224320005,5.08131912223333071,-0.125718282605329162,0.0597923349418224906,0.0300148580077986178,0.0349202332628013173,0.837926623176115326,-0.0979812387216624642,1.86606032948466072,0,-0.0405679150716482806,1.00125593734507439e-05,-1.00125593734507439e-05,0.000483074361429091628,0,9971.5014939167304,505.741805954224333,0
17.5,39044.8720405884087,0.809344748195822361,783.505960364266571,5.16246640197072626,-0.119231047994051334,0.0596665017013920662,0.0306583705304920504,0.0351414044733032588,0.843448631113570491,-0.0985642086098844211,1.87067825684165356,0,-0.0405594054749215324,1.00104591215072994e-05,-1.00104591215072994e-05,0.000665524582578295196,0,9971.48677124837559,506.016140122793217,0
17.6,39032.6010565236211,0.809674312292198439,783.825002940879699,5.24040118519399023,-0.112973701715034472,0.0594933927159892462,0.0308115419157391074,0.0353919326121266836,0.848948859850337523,-0.0991604423697833859,1.87534214607182004,0,-0.0405509850145632442,1.00083808692939379e-05,-1.00083808692939379e-05,0.000866797464971799984,0,9971.47204059123942,506.290848903372762,0
17.7,39020.234642136842,0.810000645992970503,784.140918254091616,5.31264074327023206,-0.107154684814227463,0.059283425928756163,0.030510764451822367,0.0356658839405750508,0.854426196057748832,-0.0998038059168281644,1.88001775361230949,0,-0.040542648616906124,1.00063233645798015e-05,-1.00063233645798015e-05,0.00107809910396205544,0,9971.45730193415693,506.565969461842712,0
17.8,39007.7752612754703,0.81032420423420326,784.454146715876163,5.37707036481770029,-0.101954621736157033,0.059047655704678445,0.0298055341275413263,0.0359567318524315338,0.859880288446513319,-0.100524392709404123,1.88467306290918435,0,-0.0405343857034351496,1.00042839964836169e-05,-1.00042839964836169e-05,0.00129070339980154802,0,9971.44255526404595,506.841609618572363,0
17.9,38995.2249389477074,0.810645624234101581,784.765305200887724,5.43199085097542866,-0.09752076680822655,0.0587973209017336879,0.0287559250693003414,0.0362576481064420877,0.865311521005514672,-0.101347761783372819,1.88927925623607562,0,-0.0405261808919788469,1.00022589685345813e-05,-1.00022589685345813e-05,0.00149629507699999614,0,9971.42780056392985,507.117940446400496,0
18,38982.5851838588715,0.810965692455206111,785.075155063406214,5.47614875807024504,-0.0939632026808381732,0.0585434124706172218,0.027429837258785849,0.0365617927504670315,0.870720963343603827,-0.102294392106940329,1.89381152411895592,0,-0.0405180148191376724,1.00002435016557497e-05,-1.00002435016557497e-05,0.00168728118324983078,0,9971.41303781119859,507.395187134731543,0
18.1,38969.8569347783923,0.811285308524199555,785.384567209025022,5.50874931537335222,-0.0913528852441930911,0.0582962792553370288,0.0259001272848242634,0.0368625876599242494,0.876110297759903123,-0.103379358207851782,1.89824969118742182,0,-0.0405098650477061645,9.99823205812472505e-06,-9.99823205812472505e-06,0.00185705577888676913,0,9971.39826697615536,507.673618551136087,0
18.2,38957.0405308939517,0.811605447572794403,785.694485637826233,5.52945256780532546,-0.0897215111404601334,0.0580652872280166335,0.0242417334318701348,0.0371539605091282532,0.881481724055006133,-0.104612223405479113,1.90257864484240824,0,-0.0405017070218056455,9.99621857730977948e-06,-9.99621857730977948e-06,0.00200020604987345653,0,9971.38348802087421,507.953535952711661,0
18.3,38944.1357051320374,0.811927122435397663,786.005890848907029,5.5383538771779941,-0.089063076211641945,0.0578585432475430955,0.022528902700580597,0.0374305488114307847,0.886837844750470117,-0.105997138927163934,1.90678856110526551,0,-0.0404935150328661342,9.99419671408366452e-06,-9.99419671408366452e-06,0.00211265242033946508,0,9971.36870089839067,508.235261308527299,0
18.4,38931.1415990106761,0.812251347057919904,786.31976441738243,5.53595043443024348,-0.0893369051323850971,0.0576826899988005654,0.0208326185768804018,0.0376878570478049457,0.892181535064878517,-0.107533130067660479,1.91087493000146713,0,-0.0404852631614067635,9.99216007126425598e-06,-9.99216007126425598e-06,0.00219171991784103404,0,9971.35390555224149,508.519125676079398,0
18.5,38918.0567967928946,0.81257910234305275,786.637055930072052,5.52309586633243566,-0.090471869939166033,0.0575427744403491162,0.0192183151148646522,0.0379223634690141823,0.897515803458876271,-0.109214544660705792,1.91483839043416548,0,-0.04047692616262593,9.99010241818688972e-06,-9.99010241818688972e-06,0.00223614256802172947,0,9971.33910191631912,508.805458046663432,0
18.6,38904.8793761059642,0.812911305488842828,786.958653302957373,5.5009453456174926,-0.0923714805231217601,0.0574421881902881237,0.0177439461176469859,0.0381315765440539065,0.902843649602139142,-0.11103163468256913,1.91868439134680524,0,-0.0404684802679264599,9.98801788852863878e-06,-9.98801788852863878e-06,0.00224600654305963897,0,9971.32428991507004,509.094575031393617,0
18.7,38891.606972116977,0.813248783678890308,787.285357311335247,5.47089382240626776,-0.0949195224051239822,0.0573826750450221121,0.0164584590629485092,0.0383140439460888105,0.908167927088853189,-0.11297123891119687,1.92242270174872165,0,-0.0404599038794295623,9.98590115172115455e-06,-9.98590115172115455e-06,0.00222264085191486993,0,9971.30946946395488,509.3867716994327,0
18.8,38878.2368516772985,0.813592252764567148,787.617860952618571,5.43451008335336638,-0.0979859325703601181,0.0573643983806600977,0.0154007032054858644,0.0384693192220398258,0.91349121807118927,-0.11501753323638006,1.92606679665584579,0,-0.0404511781400113124,9.98374755364128932e-06,-9.98374755364128932e-06,0.00216846637160726967,0,9971.29464047016882,509.682313822058234,0
18.9,38864.7659942656755,0.813942301352777675,787.956734042104131,5.39346931653153749,-0.101432637318716254,0.0573860595583277275,0.0145987812513437096,0.0385978927947883618,0.918815726211378192,-0.117152815382806724,1.92963314904976091,0,-0.0404422873671552371,9.98155322369014181e-06,-9.98155322369014181e-06,0.0020868149497478743,0,9971.27980283357283,509.981431699866675,0
19,38851.1911761052907,0.814299380487113478,788.302413223562326,5.34948672451117968,-0.105119120681978068,0.05744505758593349,0.0140698352604287525,0.0387010947082728346,0.924143193064752011,-0.119358292321491019,1.93314045954945479,0,-0.0404332193446945015,9.97931514679790842e-06,-9.97931514679790842e-06,0.0019817302558203056,0,9971.26495644778333,510.284315686521495,0
19.1,38837.5090543963015,0.814663798894789792,788.655197367917822,5.30425450032606705,-0.108907541766670959,0.0575376800638902966,0.0138202408921343691,0.0387809766359531252,0.929474841346164538,-0.121614841303241919,1.93660885567659569,0,-0.0404239654720797564,9.97703120026464786e-06,-9.97703120026464786e-06,0.0018577612076617117,0,9971.25010120137085,510.591113447223449,0
19.2,38823.7162485420704,0.815035723574210613,789.01524814205618,5.25938417959371574,-0.112667269019110283,0.0576593157128381939,0.013846170397822679,0.0388401802753513756,0.934811346679173094,-0.123903719012368727,1.94005909150377009,0,-0.0404145207759506256,9.97470015661623565e-06,-9.97470015661623565e-06,0.00171975738852011965,0,9971.23523697910787,510.901928929114433,0
19.3,38809.809415794909,0.815415185324362746,789.382595361689368,5.21635602738539284,-0.116278744798887002,0.0578046793921267316,0.0141344742301337395,0.0388817985129580532,0.940152837565768396,-0.126207197555791462,1.94351177628331673,0,-0.0404048837933484381,9.97232165478011925e-06,-9.97232165478011925e-06,0.00157267414764604777,0,9971.22036366325847,511.216822958620469,0
19.4,38795.7853190936148,0.815802088671845005,789.757146601458317,5.17647673121974705,-0.119636632223399431,0.0579680413268724784,0.0146638238674727042,0.0389092348296221566,0.945498921611547583,-0.128509110619997757,1.94698665756909306,0,-0.0403950563397658183,9.96989614283768998e-06,-9.96989614283768998e-06,0.0014213932726608678,0,9971.20548113479526,511.535815330034211,0
19.5,38781.6408853232861,0.816196225536857889,790.13870042462861,5.14084627136533978,-0.122652226936881922,0.0581434531545074809,0.0154060543045724321,0.0389260654686915744,0.950848734629598846,-0.130795297910010405,1.95050198058203739,0,-0.0403850431783088007,9.96742479637023409e-06,-9.96742479637023409e-06,0.00127056341714952624,0,9971.1905892745599,511.858888206951576,0
19.6,38767.3732526935637,0.816597291897098287,790.526962514980596,5.11033444394593328,-0.125255139470732385,0.0583249642998295084,0.016327643335219931,0.0389359080133379748,0.956201008213080184,-0.13305394072203186,1.95407394134559542,0,-0.0403748516085123063,9.9649094169745753e-06,-9.9649094169745753e-06,0.00112446298825928312,0,9971.17568796431078,512.185990625318254,0
19.7,38752.9798064865172,0.817004906658019392,790.921563944626087,5.08556713580452868,-0.127394270348307442,0.0585068230478834606,0.0173912658486963523,0.0389422992792699887,0.961554150749636016,-0.135275786019666,1.95771624662686272,0,-0.0403644909947976083,9.96235231588173889e-06,-9.96235231588173889e-06,0.000986887008628454382,0,9971.16077708763078,512.517043862659762,0
19.8,38738.4582027755678,0.817418631918251704,791.322080792443899,5.06692210429688217,-0.129038111756281521,0.0586836574959629723,0.0185573644334768098,0.0389485848468802687,0.966906336642732511,-0.137454260544319501,1.9614397891408657,0,-0.0403539722552159127,9.95975618777385895e-06,-9.95975618777385895e-06,0.000861058574625993105,0,9971.14585653065842,512.851947426369065,0
19.9,38723.8063804134727,0.817837993827959742,791.72805433652195,5.0545337086974742,-0.130174418328499297,0.0588506323434655754,0.0197856821944197708,0.0389578221202499242,0.97225559866022826,-0.139585480191101952,1.96525244196294513,0,-0.0403433073310339105,9.9571239798726868e-06,-9.9571239798726868e-06,0.00074956490159409331,0,9971.13092618265,513.190585406282025,0
20,38709.0225616358221,0.818262503272968567,792.139011077931286,5.04830577849451423,-0.13080929706848457,0.0590035782495368921,0.0210367094499628073,0.0389726984716224148,0.977599918777325216,-0.14166816305285293,1.96915897177930899,0,-0.0403325086569503305,9.95445876118384337e-06,-9.95445876118384337e-06,0.000654317513005578085,0,9971.11598593636154,513.532832946455869,0
20.1,38694.1052423678339,0.818691675675473962,792.554481909287688,5.04793159094122057,-0.130965773951385034,0.0591390912856263606,0.0222730025526710548,0.0389954657574144298,0.982937313533767898,-0.1437034571353204,1.97316106659921586,0,-0.0403215886503643997,9.95176359644325978e-06,-9.95176359644325978e-06,0.000576535817784394871,0,9971.10103568821796,513.878562598146459,0
20.2,38679.0531733594835,0.819125049279554762,792.974019816488294,5.05291976734104953,-0.130681902989743554,0.0592546008600564819,0.0234603402053581017,0.0390278922214352605,0.988265910696330852,-0.145694695757203285,1.97725746994631479,0,-0.040310559236234722,9.94904142884769182e-06,-9.94904142884769182e-06,0.000516753052391303214,0,9971.08607533833128,514.227650339157208,0
20.3,38663.8653335347772,0.819562201382963207,793.397215592293037,5.06262478473112765,-0.130008492597706582,0.0593484054081506729,0.0245686901206797724,0.0390712324863222854,0.993584014827854634,-0.147647095068464962,1.98144421041724961,0,-0.0402994314217631558,9.94629497508252986e-06,-9.94629497508252986e-06,0.000474843283117276551,0,9971.07110479033508,514.579981069755149,0
20.4,38648.5408973060548,0.820002762081800229,793.823711142193815,5.0762807358471127,-0.129006533447258848,0.0594196761205958712,0.0255729665332956636,0.0391262159438535706,0.998890160149330519,-0.149567408960956022,1.98571491290398661,0,-0.0402882149325094821,9.94352663551132575e-06,-9.94352663551132575e-06,0.000450067829129768382,0,9971.05612395106073,514.935453422727051,0
20.5,38633.0791973359883,0.82044642520790878,794.253210072624597,5.09303695361390751,-0.127744420749938636,0.0594684300017869552,0.0264535667840691165,0.0391930533771263287,1.00418314979672152,-0.151463556929292115,1.99006117576932229,0,-0.0402769179186892728,9.94073842168722822e-06,-9.94073842168722822e-06,0.000441139067571271826,0,9971.04113273008807,515.293983764083578,0
20.6,38617.4796846918762,0.820892956256074835,794.685485365082741,5.11199414430157972,-0.126295070843687796,0.0594954745690447831,0.0271966828254430401,0.0392714610919134219,1.00946208119429159,-0.153344240198285242,1.99447299687530433,0,-0.0402655467374302967,9.93793190261173235e-06,-9.93793190261173235e-06,0.000446299130729737193,0,9971.02613103919975,515.655509290929899,0
20.7,38601.7418878078461,0.821342197215557124,795.120384053408998,5.13223974265394745,-0.124733035914620455,0.0595023274705263061,0.0277943909078410926,0.0393607012291341818,1.01472635778364939,-0.155218560705587927,1.99893923060934053,0,-0.0402541058137612928,9.93510817042533056e-06,-9.93510817042533056e-06,0.000463410537554167828,0,9971.01111879173914,516.019990177195723,0
20.8,38585.8653720766306,0.821794068334206873,795.557828931587096,5.15288130877961592,-0.123131720612596335,0.0594911151559984475,0.0282445297435575948,0.0394596363181256501,1.01997568776876291,-0.157095656362911312,2.00344805793352521,0,-0.0402425975801804642,9.93226782549244149e-06,-9.93226782549244149e-06,0.000490055366217972488,0,9970.99609590193177,516.387410747847866,0
20.9,38569.8497013151646,0.822248566949949078,795.997817422530034,5.17307692572248534,-0.121560799553870322,0.0594644554236181469,0.0285503839335996996,0.0395667955620327347,1.02521007087655236,-0.158984364473857304,2.00798745198252782,0,-0.0402310224918914772,9.92941098016179746e-06,-9.92941098016179746e-06,0.000523639226708917812,0,9970.98106228417419,516.757779703879692,0
21,38553.6944024190307,0.822705763620335984,796.440417831200648,5.1920617229493633,-0.120083925033131075,0.0594253291392254912,0.0287201951982849549,0.0396804498736828826,1.03042977440819539,-0.16089292332802696,2.01254562281873906,0,-0.0402193791122888444,9.92653727986507134e-06,-9.92653727986507134e-06,0.00056149608361683132,0,9970.96601785232997,517.131129449688501,0
21.1,38537.3989342488348,0.823165795863416427,796.885763285306211,5.20916983832925329,-0.118756799990737474,0.0593769466491071499,0.0287665287870589315,0.0397986923477117796,1.03563530008424753,-0.162828719895630719,2.01711142656583409,0,-0.0402076642610958643,9.92364593967877583e-06,-9.92364593967877583e-06,0.000600989950025232434,0,9970.95096251906034,517.507514604491348,0
21.2,38520.9626613743603,0.823628859897811982,797.334043739078311,5.22385133182226191,-0.117624375531824782,0.0593235081677580822,0.028705525944196647,0.0399185828108621979,1.0408273565107049,-0.164798078440766521,2.02167471973885737,0,-0.0401958732156831935,9.9207357940116651e-06,-9.9207357940116651e-06,0.000650852724982080386,0,9970.93589619519116,517.88700980916235,0
21.3,38504.3848323784769,0.824095200834555119,797.785496478241157,5.2356837312454072,-0.116708563836357179,0.0592702354186971925,0.028556073926550584,0.0400359450037552286,1.04600700228922316,-0.166805955592617766,2.02622656696369496,0,-0.040183999954020562,9.91780535656760153e-06,-9.91780535656760153e-06,0.000696110207650833704,0,9970.92081878917452,518.269706973766006,0
21.4,38487.6645665839314,0.824565101666599465,798.240395461038815,5.24437811429117051,-0.11601872462044184,0.0592187791779657732,0.0283389362008736982,0.0401501392730469198,1.05117543213143727,-0.1688559758680791,2.03075955291630095,0,-0.0401720374302481018,9.914852888359252e-06,-9.914852888359252e-06,0.000733084995326717913,0,9970.90573020661213,518.655712018664985,0
21.5,38470.8008458353579,0.825038871640628058,798.699040061279334,5.2497800868108726,-0.115561348132008787,0.0591707373793302419,0.0280758723277327454,0.0402604753737703935,1.05633372856298036,-0.170950557612542242,2.03526804184042387,0,-0.0401599778691804493,9.91187647039460079e-06,-9.91187647039460079e-06,0.000761805317944038666,0,9970.89063034989522,519.045141340521582,0
21.6,38453.7925112806261,0.825516834474637529,799.16174366207963,5.25186585412012175,-0.115338207779198829,0.0591277390559854996,0.0277887769460236876,0.040366105749232821,1.06148284893768863,-0.173090901826210591,2.03974825132071347,0,-0.0401478130667452873,9.90887407782812971e-06,-9.90887407782812971e-06,0.000782084653110515812,0,9970.87551911794071,519.438118149826778,0
21.7,38436.6382654085755,0.825999316834466479,799.628822500287015,5.2507337872757196,-0.115345066495469342,0.0590913117746967101,0.0274988711807299946,0.0404661440545648621,1.0666236135644418,-0.175277029869271517,2.04419825602554006,0,-0.0401355346859853107,9.90584365301699651e-06,-9.90584365301699651e-06,0.000793686465601942245,0,9970.86039640602758,519.83476880669275,0
21.8,38419.3366789296269,0.826486637475620567,800.100585154957912,5.24659209797261639,-0.115571141803694502,0.0590627749795692991,0.0272259732446282939,0.0405597608855605488,1.07175669161843978,-0.177507867712851597,2.04861792711286927,0,-0.0401231345380798632,9.9027831748799364e-06,-9.9027831748799364e-06,0.000796446184460956733,0,9970.84526210575859,520.235219289443762,0
21.9,38401.8862018808722,0.826979097406758124,800.577323024879206,5.23974334079895776,-0.115999200683823064,0.0590431599151746631,0.0269878702593988502,0.0406462572561475735,1.0768825871732195,-0.179781368619903542,2.05300881256935464,0,-0.0401106048390164616,9.89969072224631916e-06,-9.89969072224631916e-06,0.000790355080612386088,0,9970.83011610510766,520.639591918073052,0
22,38384.285178039223,0.827476971369992209,801.059302080866928,5.23056653217582568,-0.116606155246676738,0.0590331557930953155,0.0267998080340496742,0.0407251168634722646,1.08200162743231876,-0.182094665488889917,2.05737396581294929,0,-0.0400979384340571648,9.89656452925663215e-06,-9.89656452925663215e-06,0.000775610848614901151,0,9970.81495828855441,521.048002439889046,0
22.1,38366.5318619757891,0.827980500864808455,801.546756112399521,5.21949771142172647,-0.117364033659200021,0.0590330809508386317,0.0266741099140357756,0.0407960386572324349,1.08711395489584506,-0.184444243813244896,2.06171773152276927,0,-0.0400851289838576735,9.89340303129852712e-06,-9.89340303129852712e-06,0.000752639803239113828,0,9970.79978853731154,521.460557559803192,0
22.2,38348.6244378723204,0.828489888870008961,802.039881618066033,5.20700977168953472,-0.118241207634078443,0.059042876969773804,0.0266199301215934089,0.0408589516445612075,1.0922195247823141,-0.186826126289196814,2.06604549883142985,0,-0.0400721711079284545,9.89020490041440343e-06,-9.89020490041440343e-06,0.000722095631165419263,0,9970.78460672960864,521.877352978075237,0
22.3,38330.5610391274095,0.829005296344657139,802.538834418221199,5.1935923591394566,-0.119203767634856919,0.059062123095080965,0.0266431414988760121,0.0409140141840960356,1.0973181085628636,-0.189236060515009158,2.07036343271012635,0,-0.0400590604830003069,9.88696906957901889e-06,-9.88696906957901889e-06,0.0006848395609576586,0,9970.7694127410341,522.298471976563178,0
22.4,38312.3397681005299,0.829526840517475716,803.043727998994427,5.17973258095881572,-0.120216949096046466,0.0590900678464903878,0.0267463524625308133,0.0409616002383531713,1.10240930398085912,-0.191669701923982749,2.07467819460129244,0,-0.0400457938956955903,9.88369474569924837e-06,-9.88369474569924837e-06,0.000641906620278693239,0,9970.75420644490441,522.72398456741405,0
22.5,38293.9587151631713,0.830054594907038701,803.554633531837794,5.16589718101644646,-0.121246526659748333,0.0591256744222146829,0.0269290434633188761,0.0410022751603824551,1.10749255145471537,-0.194122785029823219,2.07899666313191389,0,-0.0400323692506451903,9.88038141161744371e-06,-9.88038141161744371e-06,0.00059446234532699641,0,9970.73898771265885,523.15394719942276,0
22.6,38275.415976408869,0.830588590954685069,804.071581454307875,5.15251674101063362,-0.122260107939713661,0.0591676763692697699,0.0271878094533717848,0.0410367635965618038,1.11256715632385195,-0.196591277178437218,2.08332566511279538,0,-0.0400187855367694981,9.87702881778924018e-06,-9.87702881778924018e-06,0.000543753911473413682,0,9970.72375641424696,523.588402995478305,0
22.7,38256.7096694745123,0.831128821100127979,804.594564447484231,5.13997235028507493,-0.123228272970973593,0.0592146400046660998,0.0275166918853521278,0.0410659120061947075,1.11763231602182489,-0.199071510234544724,2.08767172604829776,0,-0.0400050427558130417,9.87363696464520156e-06,-9.87363696464520156e-06,0.000491059190081966621,0,9970.70851241851051,524.027382476492107,0
22.8,38237.8379470594227,0.83167524308757923,805.123541604618481,5.1285850644898785,-0.124125519742728049,0.0592650302040195961,0.0279075816453585868,0.0410906481471617346,1.12268715096586802,-0.201560286925438453,2.09204084810965707,0,-0.0399911418183485634,9.87020607692361275e-06,-9.87020607692361275e-06,0.000437636730995386871,0,9970.69325559354547,524.470904711732715,0
22.9,38218.7990077920258,0.832227785258743635,805.65844355514696,5.11860834725293756,-0.124930989638338499,0.0593172764064214195,0.0283506730573510023,0.0411119396724737574,1.12773073775024057,-0.204054959861846158,2.09643832203151437,0,-0.0399770844133256129,9.8667365714737935e-06,-9.8667365714737935e-06,0.000384679147108361213,0,9970.67798580700401,524.918978824373426,0
23,38199.5911043398082,0.832786352568645194,806.199178288458143,5.11022356493541086,-0.125628958945456587,0.0593698359970308426,0.0288349486592436276,0.041130753740901263,1.13276214312677004,-0.206553482507085745,2.10086857774697622,0,-0.0399628728578140802,9.86322902017131717e-06,-9.86322902017131717e-06,0.000333271857775109081,0,9970.66270292638183,525.37160577081147,0
23.1,38180.2125485613942,0.833350833050945261,806.745637412802012,5.10353848680444511,-0.126209093691612928,0.0594212526034617536,0.0293486747805452239,0.0411480192790034879,1.13778045724746324,-0.209054432527449374,2.10533507685277677,0,-0.0399485099338874952,9.85968410965922083e-06,-9.85968410965922083e-06,0.000284358647522528181,0,9970.64740681921649,525.828780310453112,0
23.2,38160.6617139317095,0.833921104460749074,807.297702586021046,5.09858863536264018,-0.126666474823840608,0.0594702072620288749,0.0298798889692474326,0.0411645932519801375,1.14278482472292975,-0.211557008994016221,2.10984024826171312,0,-0.0399339987196084892,9.8561025996335571e-06,-9.8561025996335571e-06,0.000238715026136677018,0,9970.63209735325472,526.290493076598068,0
23.3,38140.937035292387,0.834497040834192627,807.855251865718628,5.09534123724353538,-0.127001409155634848,0.0595155608602190023,0.0304168619284742557,0.0411812320143086705,1.14777447220390849,-0.214061005792140768,2.11438546671877736,0,-0.0399193424208414693,9.85248528133310627e-06,-9.85248528133310627e-06,0.000196929942600986452,0,9970.61677439654159,526.75673266490287,0
23.4,38121.0370061509311,0.835078518724198138,808.41816574593463,5.09370144639952471,-0.127219048540403251,0.0595563867283833495,0.0309485187294869998,0.041198568523602104,1.15274873140570921,-0.216566764311267507,2.1189710722882289,0,-0.0399045442101456926,9.84883293777661231e-06,-9.84883293777661231e-06,0.000159396011953262507,0,9970.60143781746046,527.227487659535655,0
23.5,38100.9601739309728,0.835665422899512511,808.986332674238724,5.09352044994562458,-0.127328845390983714,0.0595919927232266833,0.0314648065606507391,0.0412170959169203405,1.15770705674971985,-0.219075109023884412,2.12359642751167854,0,-0.0398896070783322787,9.84514630712559924e-06,-9.84514630712559924e-06,0.000126308062677095282,0,9970.58608748470942,527.70274852312707,0
23.6,38080.7051335275173,0.836257651327949381,809.55965387587969,5.09460502393795611,-0.127343876937548867,0.0596219326050784273,0.0319569990438742513,0.0412371576719895855,1.16264903707522094,-0.22158726991507291,2.12826000773366664,0,-0.0398745337034342451,9.84142605034488362e-06,-9.84142605034488362e-06,9.76695034751396611e-05,0,9970.57072326722846,528.182509287816629,0
23.7,38060.2705194950104,0.836855119303086648,810.138047348735768,5.09672808185428483,-0.127280073481858325,0.0596460069471276555,0.0324179300932313438,0.0412589443109391135,1.16757440116233879,-0.224104795896451214,2.13295951912354642,0,-0.0398593263408806367,9.83767272409647494e-06,-9.83767272409647494e-06,7.33057434164190993e-05,0,9970.55534503407034,528.666768997071699,0
23.8,38039.6549973860383,0.837457762614857937,810.721450932683183,5.0996397522660244,-0.127155387349959431,0.059664254214964331,0.0328421532993866602,0.0412824963565115305,1.17248301708886005,-0.226629463339426074,2.1376920382129283,0,-0.0398439867376275264,9.83388675954626925e-06,-9.83388675954626925e-06,5.28836804168882191e-05,0,9970.53995265424965,529.155532858184756,0
23.9,38018.857254602015,0.838065539706830953,811.309824398002206,5.10307853323685112,-0.12698893926887303,0.0596769330067832421,0.033226025796007197,0.0413077130262061928,1.17737488570764803,-0.229163183706530077,2.14245416632870844,0,-0.0398285160719204709,9.83006844749683195e-06,-9.83006844749683195e-06,3.59361019218445293e-05,0,9970.52454599654993,529.648813080979721,0
24,37997.8759911879897,0.838678432804928264,811.903150538062846,5.10678209791661875,-0.126800177531503355,0.0596844967375652416,0.033567718403604431,0.041334365954940222,1.18225012876787505,-0.231707913964522089,2.14724219213471246,0,-0.0398129149192887541,9.82621792999442956e-06,-9.82621792999442956e-06,2.18897213533101128e-05,0,9970.50912492931275,530.146629390558132,0
24.1,37976.709910929203,0.839296448042294307,812.50143529020545,5.11049736672918087,-0.126608082643897918,0.0596875622754636723,0.0338671564623225854,0.0413621170779752134,1.18710897240473545,-0.234265573050395498,2.15205225559234004,0,-0.0397971832443390558,9.82233519830364686e-06,-9.82233519830364686e-06,1.00955067731527023e-05,0,9970.49368932021389,530.649009215720866,0
24.2,37955.357713047415,0.839919614641639556,813.104706944188933,5.11398951421365133,-0.126430446307188221,0.0596868741893124694,0.0341258980774270596,0.0413905396885934571,1.19195172688348494,-0.236837967155694135,2.15688050699514067,0,-0.0397813204169636322,9.81842009690771009e-06,-9.81842009690771009e-06,-1.40054234477283101e-07,0,9970.47823903604331,531.155987567275474,0
24.3,37933.8180848397315,0.840547983248512653,813.713014528674194,5.11704964039219501,-0.126283248758063682,0.0596832663394703117,0.0343469584408163039,0.0414191416135553658,1.19677876360096724,-0.239426726021390507,2.16172325529848086,0,-0.0397653252507330496,9.81447233298419873e-06,-9.81447233298419873e-06,-9.5240679117294209e-06,0,9970.46277394248864,531.667606630144405,0
24.4,37912.0896953605115,0.841181623535546041,814.326425491955661,5.11950090473035413,-0.126180152918448196,0.0596776225407230007,0.0345345904042278357,0.0414473894257737924,1.20159049041950938,-0.242033251821723805,2.16657710072052634,0,-0.0397491960605366595,9.81049149063127562e-06,-9.81049149063127562e-06,-1.8747947028364876e-05,0,9970.44729390392786,532.18391510529375,0
24.5,37890.1711904704571,0.841820621218124399,814.945022812905904,5.12120299243606691,-0.126132127761499152,0.0596708379497046665,0.0346940325270367056,0.0414747326376653097,1.20638732643364377,-0.244658681587317961,2.17143904749630812,0,-0.0397329307359797698,9.80647704898282822e-06,-9.80647704898282822e-06,-2.84608042018818271e-05,0,9970.43179878325827,532.704967340959911,0
24.6,37868.0611891001463,0.842465074635737721,815.568901691471297,5.12205485512683545,-0.126147207087011243,0.0596637826878691283,0.0348312363841451547,0.0415006268873208892,1.21116967725063329,-0.247303863501153437,2.17630659367983226,0,-0.0397165268266616023,9.80242840325590746e-06,-9.80242840325590746e-06,-3.9246428463518676e-05,0,9970.41628844173829,533.23082230412308,0
24.7,37845.7582809776068,0.843115091060228306,816.19816597477984,5.12199573799284202,-0.126230383812726082,0.0596572690147192664,0.0349525849974229724,0.0415245552377546262,1.21593791180331623,-0.24996934681896113,2.18117779596531136,0,-0.0396999816352445606,9.79834488772113987e-06,-9.79834488772113987e-06,-5.16045394189300786e-05,0,9970.40076273886007,533.761542439817163,0
24.8,37823.261025711894,0.843770782892484861,816.832924475258665,5.12100457092674333,-0.126383634209235651,0.0596520231273590384,0.0350646138669517549,0.0415460468496269483,1.22069234161207318,-0.252655384639208502,2.18605130859215491,0,-0.0396832923141846039,9.79422579957672214e-06,-9.79422579957672214e-06,-6.59367873456074942e-05,0,9970.38522153228041,534.297192471329595,0
24.9,37800.5679530650377,0.84443226390313364,817.473287331342476,5.11909785941083761,-0.126606061476539689,0.0596486623952039996,0.0351737452639705531,0.0415646924512426061,1.22543320327647409,-0.255361948294170582,2.19092639646550547,0,-0.0396664559621133922,9.79007042273648768e-06,-9.79007042273648768e-06,-8.25377346507787817e-05,0,9970.36966467774982,534.837838193502193,0
25,37777.6775644086301,0.845099645661076648,818.119362550033088,5.11632626036697324,-0.126894143872182064,0.0596476785570435458,0.0352860452603882407,0.0415801562066931418,1.23016064481259413,-0.258088751765874758,2.19580292362420337,0,-0.0396494697161341933,9.78587805060944145e-06,-9.78587805060944145e-06,-0.000101590827112960988,0,9970.35409202910159,535.383545305440748,0
